AP,AP50,AP75,APs,APm,APl,method,slices_per_img,slice_frac,ms_per_img,small_cov,lam,threshold
0.008488219547565555,0.018478753749775853,0.006719088162344183,0.0025875226336126616,0.01150112956583431,0.008016561652160374,det+edge λ=0.3@0.5,1.220524017467249,0.027294921875,162.79769999953825,0.08998717799277305,0.3,0.5
0.007871381584461244,0.017619635618571536,0.006295652140980718,0.002665925405616172,0.009058508660015365,0.008177699685250207,det+edge λ=0.3@0.6,0.8558951965065502,0.019140625,128.18997467211096,0.064343163538874,0.3,0.6
0.007950233044650154,0.016105772574972484,0.006486698629720041,0.0034661235155618543,0.008708396438516768,0.008586002939694047,det+edge λ=0.3@0.7,0.6091703056768559,0.013623046875,122.1874353707365,0.04429420678400746,0.3,0.7
0.007665452499753683,0.014962287959809443,0.006360418805328792,0.0038838218797249183,0.008190265675364052,0.008704516316669573,det+edge λ=0.3@0.8,0.3777292576419214,0.008447265625,116.8947152827849,0.02960718032404709,0.3,0.8
0.00720042866067704,0.014043296656804628,0.006128228434966796,0.002583566048912583,0.0072760290129990045,0.009093131805696113,det+edge λ=0.3@0.9,0.16812227074235808,0.003759765625,111.84481899538707,0.01410420794964448,0.3,0.9
0.006931169455832598,0.01394886843608178,0.0059396235754115905,0.0029946327966129944,0.006668381603289623,0.009042265076883355,det+edge λ=0.3@0.95,0.09170305676855896,0.00205078125,110.00187554565466,0.00944165986711738,0.3,0.95
0.014202712325936595,0.03771202588842809,0.010016817385773816,0.00278374189339389,0.01501332932089198,0.019720070984362938,det+edge λ=0.6@0.5,6.626637554585153,0.148193359375,282.3260120087515,0.36962349924233595,0.6,0.5
0.008676952636768749,0.020860526849708863,0.007134027621733498,0.002582358506171105,0.013137385700254108,0.008715867786384397,det+edge λ=0.6@0.6,2.8013100436681224,0.062646484375,180.43405305629537,0.12180906865602052,0.6,0.6
0.007697817574643286,0.017198828141156936,0.006032383756984365,0.0025363091102446815,0.008760065040692992,0.007979911831785893,det+edge λ=0.6@0.7,0.9017467248908297,0.020166015625,130.46759825329985,0.0721529315771069,0.6,0.7
0.007861013661000258,0.015975094347958022,0.006286262897632057,0.003463526056908249,0.008568243108013069,0.008623184638846646,det+edge λ=0.6@0.8,0.5545851528384279,0.01240234375,121.23357903852974,0.041380114232428024,0.6,0.8
0.007234226367571388,0.014375865425896396,0.006070661458390012,0.00236346761561202,0.007326410721779195,0.008786659095002581,det+edge λ=0.6@0.9,0.24890829694323144,0.00556640625,113.45703318784614,0.01993239305280336,0.6,0.9
0.0070132761987918195,0.01402939188409539,0.0061585998763843365,0.0029930579264823027,0.006649563815603034,0.009156111899590784,det+edge λ=0.6@0.95,0.10480349344978165,0.00234375,110.01059585139073,0.00944165986711738,0.6,0.95
0.02598576767979378,0.07916623612435142,0.024541053649585903,0.0024016385403838577,0.016378865558684508,0.06083014696206076,det+edge λ=1.0@0.5,26.436681222707424,0.5912109375,851.7502925753203,0.977036950693554,1.0,0.5
0.023572181591873183,0.07009161788269466,0.020374813720665148,0.0025032075977352492,0.015900315909648292,0.050101015072569886,det+edge λ=1.0@0.6,19.513100436681224,0.436376953125,661.9354279481935,0.9279636321249563,1.0,0.6
0.017721999710164117,0.04883508408727371,0.01280991301756217,0.0025440536445190958,0.015108547473859233,0.02902942317102084,det+edge λ=1.0@0.7,12.668122270742359,0.28330078125,473.7687727074087,0.786571861522322,1.0,0.7
0.014473999483683586,0.0381016773092934,0.010592629555372251,0.0025883541867149835,0.013670689625678564,0.02200747499859383,det+edge λ=1.0@0.8,6.85589519650655,0.1533203125,287.9298727073697,0.416948362279986,1.0,0.8
0.010077628321736053,0.02366647269568286,0.007990966133538013,0.0026677402391215494,0.009007100522229949,0.014488318897236733,det+edge λ=1.0@0.9,3.2270742358078603,0.07216796875,192.13440633140883,0.13975987877374985,1.0,0.9
0.008549685847298118,0.01873830970513523,0.007271879746559065,0.0024833059516062134,0.008669496450337376,0.011206125878169904,det+edge λ=1.0@0.95,2.1375545851528384,0.047802734375,162.81031746754456,0.05047208299335587,1.0,0.95
