image_id,E,sel_cost,sel_cost_small,n_run,n_slices,method
1,3.993108570575714,0,0,11,15,oneshot_report
3,2.8810184597969055,0,0,11,15,oneshot_report
5,3.8704603910446167,0,0,11,15,oneshot_report
7,2.3616428673267365,0,0,11,15,oneshot_report
9,1.9998117089271545,0,0,11,15,oneshot_report
11,1.9999998807907104,0,0,4,6,oneshot_report
13,2.0,2,2,4,6,oneshot_report
15,2.0,0,0,4,6,oneshot_report
17,2.0,3,3,4,6,oneshot_report
19,2.0,0,0,4,6,oneshot_report
21,2.0,0,0,4,6,oneshot_report
23,1.9999985694885254,0,0,4,6,oneshot_report
25,1.9973943829536438,2,0,6,8,oneshot_report
27,1.9998271465301514,1,0,6,8,oneshot_report
29,0.6960629820823669,0,0,6,8,oneshot_report
31,1.976789116859436,0,0,6,8,oneshot_report
33,1.996655821800232,2,0,6,8,oneshot_report
35,1.9997752904891968,0,0,6,8,oneshot_report
37,2.0,0,0,4,6,oneshot_report
39,1.3217785358428955,0,0,6,8,oneshot_report
41,0.0,0,0,6,8,oneshot_report
43,1.9994580149650574,1,0,6,8,oneshot_report
45,2.0,2,0,6,8,oneshot_report
47,2.0,0,0,4,6,oneshot_report
49,2.0,1,1,4,6,oneshot_report
51,2.0,0,0,4,6,oneshot_report
53,0.0,0,0,6,8,oneshot_report
55,1.980636477470398,0,0,6,8,oneshot_report
57,1.9983049631118774,0,0,6,8,oneshot_report
59,0.0,0,0,6,8,oneshot_report
61,0.9227266907691956,0,0,6,8,oneshot_report
63,2.0,2,2,4,6,oneshot_report
65,2.0,1,1,4,6,oneshot_report
67,2.0,0,0,4,6,oneshot_report
69,2.0,0,0,4,6,oneshot_report
71,2.0,0,0,6,8,oneshot_report
73,2.0,3,1,6,8,oneshot_report
75,0.0,0,0,11,15,oneshot_report
77,2.0,2,2,4,6,oneshot_report
79,2.0,0,0,4,6,oneshot_report
81,2.0,2,2,4,6,oneshot_report
83,2.0,1,0,4,6,oneshot_report
85,2.0,0,0,4,6,oneshot_report
87,2.0,0,0,4,6,oneshot_report
89,2.0,0,0,4,6,oneshot_report
91,2.0,0,0,4,6,oneshot_report
93,2.0,0,0,4,6,oneshot_report
95,2.0,0,0,4,6,oneshot_report
97,2.0,0,0,4,6,oneshot_report
99,2.0,0,0,4,6,oneshot_report
101,0.0,0,0,11,15,oneshot_report
103,2.0,0,0,4,6,oneshot_report
105,2.0,2,2,4,6,oneshot_report
107,2.0,2,2,4,6,oneshot_report
109,2.0,2,2,4,6,oneshot_report
111,2.0,0,0,4,6,oneshot_report
113,2.0,0,0,4,6,oneshot_report
115,2.0,2,2,4,6,oneshot_report
117,2.0,0,0,4,6,oneshot_report
119,2.0,0,0,4,6,oneshot_report
121,2.0,1,0,6,8,oneshot_report
123,2.0,2,0,6,8,oneshot_report
125,2.0,2,1,6,8,oneshot_report
127,2.0,3,2,6,8,oneshot_report
129,1.99915611743927,0,0,6,8,oneshot_report
131,2.0,3,0,6,8,oneshot_report
133,1.9983503222465515,0,0,6,8,oneshot_report
135,2.0,3,0,6,8,oneshot_report
137,1.9618349075317383,0,0,6,8,oneshot_report
139,1.9669158458709717,0,0,11,15,oneshot_report
141,2.0,2,0,4,6,oneshot_report
143,2.0,0,0,4,6,oneshot_report
145,1.9999936819076538,0,0,4,6,oneshot_report
147,2.0,0,0,4,6,oneshot_report
149,2.0,0,0,4,6,oneshot_report
151,1.9999878406524658,0,0,4,6,oneshot_report
153,1.9999884366989136,0,0,4,6,oneshot_report
155,1.9999998807907104,1,1,4,6,oneshot_report
157,2.0,0,0,4,6,oneshot_report
159,2.0,1,1,4,6,oneshot_report
161,2.0,1,1,4,6,oneshot_report
163,2.0,1,1,4,6,oneshot_report
165,2.0,0,0,4,6,oneshot_report
167,2.0,2,2,4,6,oneshot_report
169,2.0,6,6,4,6,oneshot_report
171,2.0,3,3,4,6,oneshot_report
173,2.0,0,0,4,6,oneshot_report
175,1.9999998807907104,0,0,4,6,oneshot_report
177,2.0,1,1,4,6,oneshot_report
179,2.0,1,1,4,6,oneshot_report
181,2.0,1,1,4,6,oneshot_report
183,2.0,4,4,4,6,oneshot_report
185,2.0,0,0,6,8,oneshot_report
187,1.9999725818634033,0,0,6,8,oneshot_report
189,1.9999999403953552,1,0,6,8,oneshot_report
191,1.99966561794281,0,0,6,8,oneshot_report
193,1.9999967217445374,0,0,6,8,oneshot_report
195,2.0,1,0,6,8,oneshot_report
197,1.9999999403953552,0,0,6,8,oneshot_report
199,2.0,1,0,6,8,oneshot_report
201,1.9999995827674866,1,1,6,8,oneshot_report
203,2.0,0,0,6,8,oneshot_report
205,2.0,0,0,6,8,oneshot_report
207,2.0,1,0,6,8,oneshot_report
209,2.0,3,2,6,8,oneshot_report
211,2.0,3,0,6,8,oneshot_report
213,2.0,2,0,6,8,oneshot_report
215,2.0,6,2,6,8,oneshot_report
217,2.0,1,0,6,8,oneshot_report
219,1.9943477511405945,0,0,6,8,oneshot_report
221,1.340415894985199,0,0,6,8,oneshot_report
223,1.9983961582183838,0,0,6,8,oneshot_report
225,1.992611050605774,0,0,6,8,oneshot_report
227,1.9999821782112122,0,0,6,8,oneshot_report
229,1.517534613609314,0,0,6,8,oneshot_report
231,1.9877725839614868,0,0,6,8,oneshot_report
233,2.0,0,0,6,8,oneshot_report
235,2.0,0,0,6,8,oneshot_report
237,1.9999953508377075,0,0,6,8,oneshot_report
239,0.0,0,0,6,8,oneshot_report
241,0.0,0,0,6,8,oneshot_report
243,0.32280367612838745,0,0,6,8,oneshot_report
245,0.0,0,0,6,8,oneshot_report
247,2.0,0,0,6,8,oneshot_report
249,1.9999999403953552,0,0,6,8,oneshot_report
251,2.0,0,0,6,8,oneshot_report
253,1.99802964925766,0,0,6,8,oneshot_report
255,2.0,0,0,6,8,oneshot_report
257,2.0,0,0,6,8,oneshot_report
259,1.9689922332763672,0,0,6,8,oneshot_report
261,2.0,0,0,6,8,oneshot_report
263,2.0,0,0,6,8,oneshot_report
265,1.9999962449073792,0,0,6,8,oneshot_report
267,2.0,3,1,6,8,oneshot_report
269,2.0,1,0,6,8,oneshot_report
271,2.0,3,0,6,8,oneshot_report
273,2.0,1,0,6,8,oneshot_report
275,2.0,1,0,6,8,oneshot_report
277,2.0,2,0,6,8,oneshot_report
279,2.0,1,0,6,8,oneshot_report
281,2.0,1,0,6,8,oneshot_report
283,0.0,0,0,11,15,oneshot_report
285,0.0,0,0,11,15,oneshot_report
287,2.0,2,1,6,8,oneshot_report
289,2.0,2,0,6,8,oneshot_report
291,1.9190117716789246,0,0,6,8,oneshot_report
293,1.9233611822128296,0,0,6,8,oneshot_report
295,2.0,0,0,6,8,oneshot_report
297,1.9983470439910889,0,0,6,8,oneshot_report
299,1.9999033212661743,2,1,6,8,oneshot_report
301,0.0,0,0,6,8,oneshot_report
303,1.2244203090667725,0,0,6,8,oneshot_report
305,1.6874228715896606,1,0,6,8,oneshot_report
307,1.9999409914016724,0,0,6,8,oneshot_report
309,1.9995976090431213,0,0,6,8,oneshot_report
311,1.9999996423721313,0,0,6,8,oneshot_report
313,1.6093182563781738,0,0,6,8,oneshot_report
315,1.9489424228668213,0,0,6,8,oneshot_report
317,1.9999846816062927,0,0,6,8,oneshot_report
319,2.0,0,0,6,8,oneshot_report
321,1.9953064322471619,0,0,6,8,oneshot_report
323,1.986273169517517,0,0,6,8,oneshot_report
325,1.9994337558746338,1,1,6,8,oneshot_report
327,2.0,4,0,6,8,oneshot_report
329,2.0,3,0,6,8,oneshot_report
331,2.0,5,0,6,8,oneshot_report
333,2.0,2,1,6,8,oneshot_report
335,2.0,0,0,6,8,oneshot_report
337,2.0,2,0,6,8,oneshot_report
339,1.5657761096954346,0,0,6,8,oneshot_report
341,1.999971330165863,0,0,6,8,oneshot_report
343,0.0,0,0,6,8,oneshot_report
345,2.0,14,5,6,8,oneshot_report
347,2.0,29,14,6,8,oneshot_report
349,2.0,11,0,6,8,oneshot_report
351,2.0,35,14,6,8,oneshot_report
353,2.0,23,9,6,8,oneshot_report
355,2.0,19,2,6,8,oneshot_report
357,0.9909558296203613,0,0,6,8,oneshot_report
359,2.0,1,1,6,8,oneshot_report
361,2.0,4,2,6,8,oneshot_report
363,2.0,3,1,6,8,oneshot_report
365,2.0,0,0,6,8,oneshot_report
367,2.0,10,9,6,8,oneshot_report
369,2.0,6,6,6,8,oneshot_report
371,1.9999999403953552,0,0,6,8,oneshot_report
373,2.0,17,13,6,8,oneshot_report
375,2.0,33,33,6,8,oneshot_report
377,2.0,1,0,6,8,oneshot_report
379,2.0,4,0,6,8,oneshot_report
381,2.0,2,0,6,8,oneshot_report
383,1.9999999403953552,0,0,6,8,oneshot_report
385,2.0,3,1,6,8,oneshot_report
387,2.0,1,0,6,8,oneshot_report
389,2.0,0,0,6,8,oneshot_report
391,2.0,6,2,6,8,oneshot_report
393,1.998809039592743,0,0,6,8,oneshot_report
395,2.0,2,0,6,8,oneshot_report
397,2.0,0,0,6,8,oneshot_report
399,2.0,4,3,6,8,oneshot_report
401,1.9992389678955078,0,0,6,8,oneshot_report
403,1.9562984108924866,0,0,6,8,oneshot_report
405,2.0,1,0,6,8,oneshot_report
407,1.9398416876792908,0,0,6,8,oneshot_report
409,0.0,0,0,6,8,oneshot_report
411,1.9999828934669495,3,3,6,8,oneshot_report
413,1.9913588762283325,0,0,6,8,oneshot_report
415,2.0,2,0,6,8,oneshot_report
417,2.0,0,0,6,8,oneshot_report
419,1.8291493654251099,0,0,6,8,oneshot_report
421,2.0,1,1,6,8,oneshot_report
423,1.9999979138374329,0,0,6,8,oneshot_report
425,1.9999998807907104,0,0,6,8,oneshot_report
427,2.0,2,0,6,8,oneshot_report
429,2.0,7,1,6,8,oneshot_report
431,2.0,6,1,6,8,oneshot_report
433,2.0,3,0,6,8,oneshot_report
435,2.0,2,0,6,8,oneshot_report
437,2.0,3,1,6,8,oneshot_report
439,2.0,4,1,6,8,oneshot_report
441,1.3302884101867676,0,0,6,8,oneshot_report
443,2.0,2,0,6,8,oneshot_report
445,2.0,1,0,6,8,oneshot_report
447,1.9999791979789734,1,0,6,8,oneshot_report
449,0.0,0,0,6,8,oneshot_report
451,0.0,0,0,6,8,oneshot_report
453,0.0,0,0,6,8,oneshot_report
455,0.0,0,0,6,8,oneshot_report
457,0.0,0,0,6,8,oneshot_report
459,1.833191990852356,0,0,6,8,oneshot_report
461,1.9994301199913025,0,0,6,8,oneshot_report
463,1.9870958924293518,0,0,6,8,oneshot_report
465,1.9999115467071533,0,0,6,8,oneshot_report
467,1.9952899813652039,1,1,6,8,oneshot_report
469,1.9999997019767761,0,0,6,8,oneshot_report
471,2.0,5,2,6,8,oneshot_report
473,2.0,3,0,6,8,oneshot_report
475,1.9999995827674866,0,0,6,8,oneshot_report
477,1.9999996423721313,1,0,6,8,oneshot_report
479,1.3928122520446777,0,0,6,8,oneshot_report
481,1.9994493126869202,0,0,6,8,oneshot_report
483,2.0,1,0,6,8,oneshot_report
485,1.9990542531013489,0,0,6,8,oneshot_report
487,1.9974986910820007,0,0,6,8,oneshot_report
489,1.4657841622829437,0,0,6,8,oneshot_report
491,2.0,0,0,6,8,oneshot_report
493,2.0,2,0,6,8,oneshot_report
495,1.9999122023582458,0,0,6,8,oneshot_report
497,1.9999879598617554,0,0,6,8,oneshot_report
499,1.9878519177436829,1,1,6,8,oneshot_report
501,2.0,1,0,6,8,oneshot_report
503,1.9980663061141968,2,0,6,8,oneshot_report
505,2.0,3,1,6,8,oneshot_report
507,2.0,0,0,6,8,oneshot_report
509,2.0,1,0,6,8,oneshot_report
511,1.9999999403953552,0,0,6,8,oneshot_report
513,1.9999993443489075,0,0,6,8,oneshot_report
515,1.9985736012458801,1,0,6,8,oneshot_report
517,1.9999999403953552,0,0,6,8,oneshot_report
519,0.0,0,0,6,8,oneshot_report
521,1.999998927116394,1,0,6,8,oneshot_report
523,0.0,0,0,6,8,oneshot_report
525,2.0,1,0,6,8,oneshot_report
527,2.0,0,0,6,8,oneshot_report
529,2.0,2,1,6,8,oneshot_report
531,1.9988877177238464,1,0,6,8,oneshot_report
533,1.9990028142929077,0,0,6,8,oneshot_report
535,0.9934813380241394,0,0,6,8,oneshot_report
537,1.9992525577545166,1,0,6,8,oneshot_report
539,2.0,0,0,6,8,oneshot_report
541,1.9999256134033203,0,0,6,8,oneshot_report
543,1.999812126159668,0,0,6,8,oneshot_report
545,2.0,1,1,4,6,oneshot_report
547,2.0,1,1,4,6,oneshot_report
1,3.99722158908844,0,0,11,15,active_report
3,2.881030857563019,1,1,11,15,active_report
5,3.999819040298462,1,1,11,15,active_report
7,2.3617429435253143,2,2,11,15,active_report
9,2.0,6,4,11,15,active_report
11,0.9999999403953552,0,0,5,6,active_report
13,1.0,0,0,5,6,active_report
15,1.0,0,0,5,6,active_report
17,1.0,1,1,5,6,active_report
19,1.0,0,0,5,6,active_report
21,1.0,0,0,5,6,active_report
23,0.9999992847442627,0,0,5,6,active_report
25,1.9996516704559326,2,0,6,8,active_report
27,1.9998271465301514,1,0,6,8,active_report
29,0.6960629820823669,0,0,6,8,active_report
31,1.976789116859436,0,0,6,8,active_report
33,1.9966576099395752,2,0,6,8,active_report
35,1.9998875260353088,1,0,6,8,active_report
37,1.0,0,0,5,6,active_report
39,1.3217785358428955,0,0,6,8,active_report
41,0.0,0,0,6,8,active_report
43,1.9999996423721313,0,0,6,8,active_report
45,2.0,2,0,6,8,active_report
47,1.0,0,0,5,6,active_report
49,1.0,0,0,5,6,active_report
51,1.0,0,0,5,6,active_report
53,0.0,0,0,5,8,active_report
55,1.980636477470398,0,0,6,8,active_report
57,1.9989103078842163,0,0,6,8,active_report
59,0.0,0,0,6,8,active_report
61,0.9227266907691956,0,0,6,8,active_report
63,1.0,1,1,5,6,active_report
65,1.0,0,0,5,6,active_report
67,1.0,0,0,5,6,active_report
69,1.0,0,0,5,6,active_report
71,2.0,0,0,6,8,active_report
73,2.0,3,1,6,8,active_report
75,0.4768924117088318,0,0,9,15,active_report
77,1.0,0,0,5,6,active_report
79,1.0,0,0,5,6,active_report
81,1.0,0,0,5,6,active_report
83,1.0,1,0,5,6,active_report
85,1.0,0,0,5,6,active_report
87,1.0,0,0,5,6,active_report
89,1.0,0,0,5,6,active_report
91,1.0,0,0,5,6,active_report
93,1.0,0,0,5,6,active_report
95,1.0,0,0,5,6,active_report
97,1.0,0,0,5,6,active_report
99,1.0,0,0,5,6,active_report
101,0.0,0,0,11,15,active_report
103,1.0,0,0,5,6,active_report
105,1.0,0,0,5,6,active_report
107,1.0,0,0,5,6,active_report
109,1.0,0,0,5,6,active_report
111,1.0,0,0,5,6,active_report
113,1.0,0,0,5,6,active_report
115,1.0,1,1,5,6,active_report
117,1.0,0,0,5,6,active_report
119,1.0,0,0,5,6,active_report
121,2.0,1,0,6,8,active_report
123,2.0,2,0,6,8,active_report
125,2.0,2,1,6,8,active_report
127,2.0,3,2,6,8,active_report
129,1.99915611743927,0,0,6,8,active_report
131,2.0,3,0,6,8,active_report
133,2.0,1,0,6,8,active_report
135,2.0,3,0,6,8,active_report
137,1.963690459728241,0,0,6,8,active_report
139,1.9991365671157837,0,0,11,15,active_report
141,1.0,0,0,5,6,active_report
143,1.0,0,0,5,6,active_report
145,0.9999968409538269,0,0,5,6,active_report
147,1.0,0,0,5,6,active_report
149,1.0,0,0,5,6,active_report
151,0.9999939203262329,0,0,5,6,active_report
153,0.9999942183494568,0,0,5,6,active_report
155,0.9999999403953552,1,1,5,6,active_report
157,1.0,0,0,5,6,active_report
159,1.0,0,0,5,6,active_report
161,1.0,0,0,5,6,active_report
163,1.0,1,1,5,6,active_report
165,1.0,0,0,5,6,active_report
167,1.0,1,1,5,6,active_report
169,1.0,3,3,5,6,active_report
171,1.0,1,1,5,6,active_report
173,1.0,0,0,5,6,active_report
175,0.9999999403953552,0,0,5,6,active_report
177,1.0,0,0,5,6,active_report
179,1.0,0,0,5,6,active_report
181,1.0,0,0,5,6,active_report
183,1.0,4,4,5,6,active_report
185,2.0,0,0,6,8,active_report
187,1.9999862909317017,0,0,6,8,active_report
189,2.0,0,0,6,8,active_report
191,2.0,2,1,6,8,active_report
193,1.9999967217445374,0,0,6,8,active_report
195,2.0,1,0,6,8,active_report
197,2.0,2,1,6,8,active_report
199,2.0,1,0,6,8,active_report
201,2.0,1,1,6,8,active_report
203,2.0,0,0,6,8,active_report
205,2.0,0,0,6,8,active_report
207,2.0,1,0,6,8,active_report
209,2.0,3,2,6,8,active_report
211,2.0,3,0,6,8,active_report
213,2.0,2,0,6,8,active_report
215,2.0,6,2,6,8,active_report
217,2.0,1,0,6,8,active_report
219,1.9999957084655762,0,0,6,8,active_report
221,1.3746633529663086,0,0,6,8,active_report
223,1.9983961582183838,0,0,6,8,active_report
225,1.9944967031478882,0,0,6,8,active_report
227,1.9999998807907104,1,0,6,8,active_report
229,1.6367371678352356,0,0,6,8,active_report
231,1.9919620156288147,0,0,6,8,active_report
233,2.0,0,0,6,8,active_report
235,2.0,0,0,6,8,active_report
237,2.0,0,0,6,8,active_report
239,0.0,0,0,6,8,active_report
241,0.0,0,0,6,8,active_report
243,0.32280367612838745,0,0,6,8,active_report
245,0.0,0,0,5,8,active_report
247,2.0,0,0,6,8,active_report
249,2.0,0,0,6,8,active_report
251,2.0,0,0,6,8,active_report
253,1.9999995231628418,0,0,6,8,active_report
255,2.0,0,0,6,8,active_report
257,2.0,0,0,6,8,active_report
259,2.0,0,0,6,8,active_report
261,2.0,0,0,6,8,active_report
263,2.0,0,0,6,8,active_report
265,2.0,3,0,6,8,active_report
267,2.0,3,1,6,8,active_report
269,2.0,1,0,6,8,active_report
271,2.0,3,0,6,8,active_report
273,2.0,1,0,6,8,active_report
275,2.0,1,0,6,8,active_report
277,2.0,2,0,6,8,active_report
279,2.0,1,0,6,8,active_report
281,2.0,1,0,6,8,active_report
283,0.0,0,0,9,15,active_report
285,0.0,0,0,9,15,active_report
287,2.0,2,1,6,8,active_report
289,2.0,2,0,6,8,active_report
291,1.9194177389144897,0,0,6,8,active_report
293,1.9254746437072754,0,0,6,8,active_report
295,2.0,0,0,6,8,active_report
297,1.9983470439910889,0,0,6,8,active_report
299,1.999999761581421,1,0,6,8,active_report
301,0.0,0,0,6,8,active_report
303,1.2244203090667725,0,0,6,8,active_report
305,1.8226706385612488,0,0,6,8,active_report
307,1.99994295835495,0,0,6,8,active_report
309,1.9995976090431213,0,0,6,8,active_report
311,1.999999761581421,0,0,6,8,active_report
313,1.6093182563781738,0,0,6,8,active_report
315,1.9603251814842224,0,0,6,8,active_report
317,1.9999868273735046,0,0,6,8,active_report
319,2.0,0,0,6,8,active_report
321,1.9963735342025757,0,0,6,8,active_report
323,1.986273169517517,0,0,6,8,active_report
325,2.0,0,0,6,8,active_report
327,2.0,4,0,6,8,active_report
329,2.0,3,0,6,8,active_report
331,2.0,5,0,6,8,active_report
333,2.0,2,1,6,8,active_report
335,2.0,0,0,6,8,active_report
337,2.0,2,0,6,8,active_report
339,1.5657761096954346,0,0,6,8,active_report
341,2.0,2,0,6,8,active_report
343,0.0,0,0,6,8,active_report
345,2.0,14,5,6,8,active_report
347,2.0,29,14,6,8,active_report
349,2.0,11,0,6,8,active_report
351,2.0,35,14,6,8,active_report
353,2.0,23,9,6,8,active_report
355,2.0,19,2,6,8,active_report
357,1.0,1,1,6,8,active_report
359,2.0,1,1,6,8,active_report
361,2.0,4,2,6,8,active_report
363,2.0,3,1,6,8,active_report
365,2.0,0,0,6,8,active_report
367,2.0,10,9,6,8,active_report
369,2.0,6,6,6,8,active_report
371,2.0,18,12,6,8,active_report
373,2.0,17,13,6,8,active_report
375,2.0,33,33,6,8,active_report
377,2.0,1,0,6,8,active_report
379,2.0,4,0,6,8,active_report
381,2.0,2,0,6,8,active_report
383,2.0,3,2,6,8,active_report
385,2.0,3,1,6,8,active_report
387,2.0,1,0,6,8,active_report
389,2.0,0,0,6,8,active_report
391,2.0,6,2,6,8,active_report
393,1.9990440607070923,0,0,6,8,active_report
395,2.0,2,0,6,8,active_report
397,2.0,0,0,6,8,active_report
399,2.0,4,3,6,8,active_report
401,1.9992605447769165,0,0,6,8,active_report
403,1.9667937755584717,0,0,6,8,active_report
405,2.0,1,0,6,8,active_report
407,1.9398416876792908,0,0,6,8,active_report
409,0.0,0,0,5,8,active_report
411,1.999994695186615,1,1,6,8,active_report
413,1.9913588762283325,0,0,6,8,active_report
415,2.0,2,0,6,8,active_report
417,2.0,0,0,6,8,active_report
419,1.910195231437683,0,0,6,8,active_report
421,2.0,1,1,6,8,active_report
423,1.9999982714653015,0,0,6,8,active_report
425,1.9999998807907104,0,0,6,8,active_report
427,2.0,2,0,6,8,active_report
429,2.0,7,1,6,8,active_report
431,2.0,6,1,6,8,active_report
433,2.0,3,0,6,8,active_report
435,2.0,2,0,6,8,active_report
437,2.0,3,1,6,8,active_report
439,2.0,4,1,6,8,active_report
441,1.3302884101867676,0,0,6,8,active_report
443,2.0,2,0,6,8,active_report
445,2.0,1,0,6,8,active_report
447,2.0,0,0,6,8,active_report
449,0.0,0,0,6,8,active_report
451,0.0,0,0,5,8,active_report
453,0.0,0,0,5,8,active_report
455,0.14127185940742493,0,0,5,8,active_report
457,0.0,0,0,6,8,active_report
459,1.833191990852356,0,0,6,8,active_report
461,1.9994301199913025,0,0,6,8,active_report
463,1.9871768355369568,1,1,6,8,active_report
465,1.9999115467071533,0,0,6,8,active_report
467,1.996729850769043,0,0,6,8,active_report
469,1.9999998211860657,0,0,6,8,active_report
471,2.0,5,2,6,8,active_report
473,2.0,3,0,6,8,active_report
475,2.0,2,0,6,8,active_report
477,1.999999761581421,0,0,6,8,active_report
479,1.3928122520446777,0,0,6,8,active_report
481,1.9999774098396301,0,0,6,8,active_report
483,2.0,1,0,6,8,active_report
485,2.0,1,0,6,8,active_report
487,2.0,2,0,6,8,active_report
489,1.9422420263290405,0,0,6,8,active_report
491,2.0,0,0,6,8,active_report
493,2.0,2,0,6,8,active_report
495,2.0,3,0,6,8,active_report
497,2.0,0,0,6,8,active_report
499,2.0,1,1,6,8,active_report
501,2.0,1,0,6,8,active_report
503,2.0,0,0,6,8,active_report
505,2.0,3,1,6,8,active_report
507,2.0,0,0,6,8,active_report
509,2.0,1,0,6,8,active_report
511,2.0,2,0,6,8,active_report
513,2.0,1,0,6,8,active_report
515,1.9985736012458801,1,0,6,8,active_report
517,2.0,0,0,6,8,active_report
519,0.0,0,0,5,8,active_report
521,1.999998927116394,1,0,6,8,active_report
523,0.0,0,0,6,8,active_report
525,2.0,1,0,6,8,active_report
527,2.0,0,0,6,8,active_report
529,2.0,2,1,6,8,active_report
531,1.9997084736824036,0,0,6,8,active_report
533,1.9990028142929077,0,0,6,8,active_report
535,0.9934813380241394,0,0,6,8,active_report
537,1.9992525577545166,1,0,6,8,active_report
539,2.0,0,0,6,8,active_report
541,1.9999256134033203,0,0,6,8,active_report
543,1.9998121857643127,0,0,6,8,active_report
545,1.0,1,1,5,6,active_report
547,1.0,1,1,5,6,active_report
