method,area,AP,lo,hi,se,slice_frac
full_image,all,0.20025700536278973,0.1912594387660989,0.21028616782289042,0.004955349368035304,0.0
full_image,small,0.0930331413404662,0.08776029432733008,0.09883330140763916,0.002887944349360782,0.0
sahi_uniform,all,0.28395623489128796,0.27377317584656935,0.2957779903972836,0.005461960744275859,1.0
sahi_uniform,small,0.17881052197685746,0.1712814623262799,0.187651796633347,0.004056331729553073,1.0
fusion_thr@0.9,all,0.2827152774763643,0.27233212083349195,0.2943861783306781,0.005492382986854186,0.7899415204678363
fusion_thr@0.9,small,0.1774857799053794,0.17034247742246297,0.18636242471649908,0.004050960986301438,0.7899415204678363
oracle_gt_small,all,0.2854348775850193,0.27538419338112946,0.29717992274730565,0.005489749900918331,0.7621052631578947
oracle_gt_small,small,0.18151925147401984,0.17396597445425374,0.1902203284805492,0.004121474512625853,0.7621052631578947
random_matched@0.9,all,0.27576820904453264,0.2649861513153549,0.28666727393758035,0.0054713873594271125,0.7899415204678363
random_matched@0.9,small,0.16956428431849768,0.16280425935584636,0.1782931569609004,0.003929709887686943,0.7899415204678363
