method,vs,area,delta,lo,hi,p_le0
full_image,sahi_uniform,all,-0.08369922952849823,-0.08851378476268734,-0.07943924165385403,1.0
full_image,sahi_uniform,small,-0.08577738063639126,-0.09151094287670282,-0.08084435512949152,1.0
full_image,random_matched@0.9,all,-0.07551120368174291,-0.07966117035633957,-0.07093117125019753,1.0
full_image,random_matched@0.9,small,-0.07653114297803149,-0.08233733756588703,-0.07237184315011573,1.0
full_image,fusion_thr@0.9,all,-0.0824582721135746,-0.08712270247860432,-0.07799425347314291,1.0
full_image,fusion_thr@0.9,small,-0.0844526385649132,-0.09040780145694662,-0.07974728534131664,1.0
sahi_uniform,random_matched@0.9,all,0.00818802584675532,0.00699645089788799,0.010695080496401261,0.0
sahi_uniform,random_matched@0.9,small,0.009246237658359774,0.007004819820860804,0.011471363181972932,0.0
sahi_uniform,fusion_thr@0.9,all,0.001240957414923638,0.000546314953034481,0.0025453630062771556,0.001
sahi_uniform,fusion_thr@0.9,small,0.0013247420714780633,0.0002775423660554485,0.0020870176255072237,0.003
fusion_thr@0.9,sahi_uniform,all,-0.001240957414923638,-0.0025453630062771556,-0.0005463149530344811,0.999
fusion_thr@0.9,sahi_uniform,small,-0.0013247420714780633,-0.0020870176255072237,-0.0002775423660554485,0.997
fusion_thr@0.9,random_matched@0.9,all,0.006947068431831682,0.00569704102557263,0.009027559108212384,0.0
fusion_thr@0.9,random_matched@0.9,small,0.00792149558688171,0.005955621001542741,0.010106911925538168,0.0
oracle_gt_small,sahi_uniform,all,0.0014786426937313246,0.0002257272031974733,0.003122182451047545,0.009
oracle_gt_small,sahi_uniform,small,0.0027087294971623876,0.0019724852480555383,0.0034106105669838302,0.0
oracle_gt_small,random_matched@0.9,all,0.009666668540486645,0.008248614264872304,0.012776547660857375,0.0
oracle_gt_small,random_matched@0.9,small,0.011954967155522161,0.009467399039477421,0.01416679955747456,0.0
oracle_gt_small,fusion_thr@0.9,all,0.0027196001086549626,0.001668962338148558,0.004762729387973346,0.0
oracle_gt_small,fusion_thr@0.9,small,0.004033471568640451,0.0026927898396148773,0.004966910366889668,0.0
random_matched@0.9,sahi_uniform,all,-0.00818802584675532,-0.010695080496401261,-0.006996450897887991,1.0
random_matched@0.9,sahi_uniform,small,-0.009246237658359774,-0.011471363181972932,-0.007004819820860804,1.0
random_matched@0.9,fusion_thr@0.9,all,-0.006947068431831682,-0.009027559108212384,-0.005697041025572631,1.0
random_matched@0.9,fusion_thr@0.9,small,-0.00792149558688171,-0.010106911925538168,-0.005955621001542741,1.0
