method,bucket,images,slice_frac,ms_per_img,small_cov,AP,AP50,AP75,APs,APm,APl
sahi_uniform,"[0,20)",78,1.0,187.73002179230573,1.0,0.4082402858635936,0.6643860846923508,0.41193277219135743,0.228125345168906,0.44914112162733455,0.7056405525132653
sahi_uniform,"[20,50)",182,1.0,182.6030346152378,1.0,0.31814275349302334,0.5365819156400811,0.31602475124903495,0.21307301150463845,0.4692432618204103,0.7034722693905269
sahi_uniform,"[50,100)",235,1.0,235.90830808457116,1.0,0.28883067212966906,0.49894777064650514,0.28061637746356644,0.18637423026958622,0.45478424162503606,0.7499046104699629
sahi_uniform,"[100,inf)",53,1.0,410.301273584614,1.0,0.2397036176180187,0.4264445936161415,0.23308299202616894,0.15178650004830493,0.4338781578398101,0.7969256788911611
glance[det+edge]@0.9,"[0,20)",78,0.5282714054927302,112.41626153675426,0.7301038062283737,0.39513957392689103,0.6462870955599336,0.3923952337727378,0.17501702086793813,0.44646942003431134,0.7088133226275741
glance[det+edge]@0.9,"[20,50)",182,0.7982456140350878,152.40248131749968,0.9577754891864058,0.315293720933162,0.5337432101501723,0.3127722736676772,0.21237813408311337,0.4643256739236683,0.696476549273381
glance[det+edge]@0.9,"[50,100)",235,0.8440860215053764,174.8230097881033,0.9489044289044289,0.2877800921342458,0.49816924507390065,0.27878436191550615,0.18605743061821314,0.45537939100857,0.7499280663460665
glance[det+edge]@0.9,"[100,inf)",53,0.9065420560747663,398.2283094338304,0.987766515204474,0.2390855708966526,0.42653214520673355,0.2333073794412846,0.15205283494263636,0.43401420429167054,0.7969518085423909
random_matched@0.9#s0,"[0,20)",78,0.5282714054927302,112.13012564090045,0.6851211072664359,0.38703576397479217,0.6345785254376745,0.38380103517263237,0.16760542716860166,0.4319702085024199,0.7817793048068215
random_matched@0.9#s0,"[20,50)",182,0.7982456140350878,152.2816318669516,0.8766735324407827,0.3015515500973632,0.5141191069893335,0.297868740694261,0.19643717434049113,0.45449187680315273,0.6929810742690641
random_matched@0.9#s0,"[50,100)",235,0.8440860215053764,174.5834336178922,0.8973426573426574,0.2796342052111509,0.4842531347916464,0.271110016278666,0.1774599245247902,0.44250730325072885,0.7255347777163175
random_matched@0.9#s0,"[100,inf)",53,0.9065420560747663,397.6697660364839,0.9716882209017826,0.23659187772834844,0.42033884027979923,0.23140322745323727,0.15002979569501185,0.42802461164955474,0.791552912015663
random_matched@0.9#s1,"[0,20)",78,0.5282714054927302,112.35265640929217,0.615916955017301,0.3791601792920607,0.631902250152026,0.3739191112449982,0.15331392158181878,0.4279924185119222,0.6735041986872627
random_matched@0.9#s1,"[20,50)",182,0.7982456140350878,151.38956923040968,0.8712667353244078,0.3019223210071259,0.5148720165466352,0.29721520948296454,0.19609963305902428,0.45438501129346137,0.6966670873922982
random_matched@0.9#s1,"[50,100)",235,0.8440860215053764,174.46623659677843,0.8997668997668997,0.2809684651692896,0.48728926662683736,0.2728725139882185,0.17922260850979588,0.44719307220316096,0.7524783179666359
random_matched@0.9#s1,"[100,inf)",53,0.9065420560747663,397.18926792419603,0.9580566235581964,0.2364109203425769,0.42071079322187416,0.22939603352402127,0.14841791328972134,0.4277077539593901,0.7935682942127759
random_matched@0.9#s2,"[0,20)",78,0.5282714054927302,112.4479282022012,0.698961937716263,0.381393267679902,0.6353785687258409,0.3779691833540264,0.16900056378979836,0.43122354298954807,0.6616399606591068
random_matched@0.9#s2,"[20,50)",182,0.7982456140350878,151.61305494329207,0.86302780638517,0.3014284881907376,0.5114544212105466,0.2995750065998245,0.19250137699803352,0.45489658312243003,0.7014852732351312
random_matched@0.9#s2,"[50,100)",235,0.8440860215053764,174.5789646804506,0.9063869463869464,0.2814258571627344,0.4848273867322453,0.27266499643569553,0.17820332524807378,0.446651156651382,0.7167553762339733
random_matched@0.9#s2,"[100,inf)",53,0.9065420560747663,397.6129113206693,0.9806011883956659,0.23672601367882953,0.42261908772610196,0.23173193789634985,0.15030160878938686,0.424872260649609,0.7946819011218668
