bin,lo,hi,n,mean_conf,empirical_rate,gap,stage
0,0.0,0.06666666666666667,17073,0.0271966201795184,0.5348210624963392,0.5076244423168208,raw
1,0.06666666666666667,0.13333333333333333,3710,0.09452447544612654,0.7064690026954178,0.6119445272492913,raw
2,0.13333333333333333,0.2,1753,0.16352662936286524,0.7832287507130633,0.6197021213501981,raw
3,0.2,0.26666666666666666,1093,0.23130656534776922,0.8170173833485819,0.5857108180008126,raw
4,0.26666666666666666,0.3333333333333333,788,0.2987612943888316,0.8705583756345178,0.5717970812456862,raw
5,0.3333333333333333,0.4,618,0.3683686693798763,0.8915857605177994,0.523217091137923,raw
6,0.4,0.4666666666666667,564,0.43316638939980917,0.898936170212766,0.4657697808129568,raw
7,0.4666666666666667,0.5333333333333333,495,0.4996518571569462,0.9272727272727272,0.42762087011578104,raw
8,0.5333333333333333,0.6,476,0.5680317290189887,0.9495798319327731,0.3815481029137844,raw
9,0.6,0.6666666666666666,479,0.6334501037020275,0.9624217118997912,0.3289716081977637,raw
10,0.6666666666666666,0.7333333333333333,502,0.6993855252208938,0.950199203187251,0.25081367796635723,raw
11,0.7333333333333333,0.8,414,0.7657804635987766,0.9758454106280193,0.21006494702924272,raw
12,0.8,0.8666666666666667,383,0.8328991286437132,0.9947780678851175,0.16187893924140428,raw
13,0.8666666666666667,0.9333333333333333,168,0.8879508425792059,1.0,0.11204915742079413,raw
14,0.9333333333333333,1.0,2,0.9391461610794067,1.0,0.06085383892059326,raw
0,0.0,0.06666666666666667,99,0.030532708975094257,0.5555555555555556,0.5250228465804613,calibrated
1,0.06666666666666667,0.13333333333333333,91,0.09681379978739338,0.43956043956043955,0.3427466397730462,calibrated
2,0.13333333333333333,0.2,132,0.16396578753681249,0.3939393939393939,0.22997360640258144,calibrated
3,0.2,0.26666666666666666,388,0.23375169718327468,0.2912371134020619,0.057485416218787194,calibrated
4,0.26666666666666666,0.3333333333333333,1708,0.3086086565912834,0.37763466042154564,0.06902600383026225,calibrated
5,0.3333333333333333,0.4,1937,0.36497404008349804,0.4243675787299948,0.05939353864649677,calibrated
6,0.4,0.4666666666666667,2277,0.43954109000824065,0.4874835309617918,0.04794244095355116,calibrated
7,0.4666666666666667,0.5333333333333333,3818,0.49813553008506406,0.5447878470403352,0.04665231695527117,calibrated
8,0.5333333333333333,0.6,3287,0.5644290352119863,0.6045025859446304,0.04007355073264407,calibrated
9,0.6,0.6666666666666666,2643,0.630899057032,0.6443435489973515,0.013444491965351468,calibrated
10,0.6666666666666666,0.7333333333333333,3410,0.6969305050671171,0.6956011730205278,-0.0013293320465892489,calibrated
11,0.7333333333333333,0.8,2045,0.7677895013179395,0.7647921760391198,-0.0029973252788197957,calibrated
12,0.8,0.8666666666666667,2459,0.8363434238005256,0.8381455876372509,0.001802163836725268,calibrated
13,0.8666666666666667,0.9333333333333333,1578,0.8995452399866222,0.8960709759188846,-0.0034742640677375425,calibrated
14,0.9333333333333333,1.0,2646,0.9713132691131237,0.9629629629629629,-0.008350306150160747,calibrated
