method,slice_frac,cov_all,cov_small,family,threshold,seed
glance[det]@0.05,0.9450292397660819,0.983940146409107,0.9870999030067895,det,0.05,
glance[det]@0.1,0.935906432748538,0.9804250378922248,0.9833171677982542,det,0.1,
glance[det]@0.2,0.9214035087719298,0.9785546131768197,0.9815712900096993,det,0.2,
glance[det]@0.3,0.9104093567251462,0.9755554838917734,0.9797769156159069,det,0.3,
glance[det]@0.4,0.9008187134502924,0.973072333838563,0.9776430649854511,det,0.4,
glance[det]@0.5,0.8874853801169591,0.9704601889773936,0.9753637245392822,det,0.5,
glance[det]@0.6,0.8739181286549708,0.96713857267245,0.9721144519883608,det,0.6,
glance[det]@0.7,0.856140350877193,0.9645909252152601,0.970368574199806,det,0.7,
glance[det]@0.8,0.8280701754385965,0.9607210809764907,0.9671193016488846,det,0.8,
glance[det]@0.9,0.7745029239766081,0.9468541391209003,0.955286129970902,det,0.9,
glance[det]@0.95,0.7232748538011696,0.9350833628946434,0.945635305528613,det,0.95,
glance[det]@0.99,0.6152046783625731,0.9066077590376987,0.9218234723569351,det,0.99,
glance[edge]@0.05,0.9992982456140351,1.0,1.0,edge,0.05,
glance[edge]@0.1,0.9978947368421053,1.0,1.0,edge,0.1,
glance[edge]@0.2,0.9929824561403509,0.9999032538940308,0.9999515033947624,edge,0.2,
glance[edge]@0.3,0.9782456140350877,0.9995485181721435,0.9999515033947624,edge,0.3,
glance[edge]@0.4,0.9328654970760234,0.9939049953239382,0.9969447138700291,edge,0.4,
glance[edge]@0.5,0.8355555555555556,0.9701054532555065,0.9777885548011639,edge,0.5,
glance[edge]@0.6,0.6086549707602339,0.853848882582476,0.8655674102812803,edge,0.6,
glance[edge]@0.7,0.25356725146198833,0.4646392982682447,0.4415615906886518,edge,0.7,
glance[edge]@0.8,0.03742690058479532,0.09910026121448612,0.08865179437439379,edge,0.8,
glance[edge]@0.9,0.0030409356725146198,0.0009029636557128576,0.00024248302618816683,edge,0.9,
glance[edge]@0.95,0.0009356725146198831,0.00029023831790770424,9.699321047526673e-05,edge,0.95,
glance[edge]@0.99,0.00023391812865497077,0.0,0.0,edge,0.99,
glance[spectral]@0.05,0.9988304093567252,1.0,1.0,spectral,0.05,
glance[spectral]@0.1,0.9962573099415205,1.0,1.0,spectral,0.1,
glance[spectral]@0.2,0.984093567251462,0.9983230674965332,0.998545101842871,spectral,0.2,
glance[spectral]@0.3,0.9501754385964912,0.9933567673901126,0.9940349175557711,spectral,0.3,
glance[spectral]@0.4,0.8792982456140351,0.9600438582347061,0.9624151309408342,spectral,0.4,
glance[spectral]@0.5,0.7723976608187134,0.8930955529039956,0.8963142580019399,spectral,0.5,
glance[spectral]@0.6,0.6252631578947369,0.7792253861782064,0.7715324927255092,spectral,0.6,
glance[spectral]@0.7,0.4456140350877193,0.6121126124673482,0.598545101842871,spectral,0.7,
glance[spectral]@0.8,0.25005847953216376,0.3750846528427231,0.3394277400581959,spectral,0.8,
glance[spectral]@0.9,0.09263157894736843,0.15053694088812924,0.11988360814742968,spectral,0.9,
glance[spectral]@0.95,0.03181286549707602,0.05427456544874069,0.04466537342386033,spectral,0.95,
glance[spectral]@0.99,0.005614035087719298,0.004160082556677094,0.002909796314258002,spectral,0.99,
glance[det+edge]@0.05,0.9971929824561403,1.0,1.0,det+edge,0.05,
glance[det+edge]@0.1,0.992280701754386,1.0,1.0,det+edge,0.1,
glance[det+edge]@0.2,0.9632748538011696,0.9913250991647586,0.9931619786614937,det+edge,0.2,
glance[det+edge]@0.3,0.9298245614035088,0.9802960430842659,0.9831231813773036,det+edge,0.3,
glance[det+edge]@0.4,0.9136842105263158,0.9756844786997323,0.9798254122211445,det+edge,0.4,
glance[det+edge]@0.5,0.9024561403508772,0.9736528104743785,0.9782250242483026,det+edge,0.5,
glance[det+edge]@0.6,0.8863157894736842,0.9704601889773936,0.9753637245392822,det+edge,0.6,
glance[det+edge]@0.7,0.8652631578947368,0.9653971427650037,0.9711445198836082,det+edge,0.7,
glance[det+edge]@0.8,0.840701754385965,0.9630429875197524,0.9687681862269641,det+edge,0.8,
glance[det+edge]@0.9,0.7899415204678363,0.9509819729755877,0.9582929194956353,det+edge,0.9,
glance[det+edge]@0.95,0.736140350877193,0.9386307201135154,0.9491270611057226,det+edge,0.95,
glance[det+edge]@0.99,0.6285380116959064,0.9110580799122835,0.9258486905916585,det+edge,0.99,
random@0.05#s0,0.9992982456140351,1.0,1.0,random,0.05,0.0
random@0.05#s1,0.9992982456140351,1.0,1.0,random,0.05,1.0
random@0.05#s2,0.9992982456140351,1.0,1.0,random,0.05,2.0
random@0.1#s0,0.9978947368421053,0.9999355025960205,1.0,random,0.1,0.0
random@0.1#s1,0.9978947368421053,0.9999355025960205,1.0,random,0.1,1.0
random@0.1#s2,0.9978947368421053,0.9999355025960205,1.0,random,0.1,2.0
random@0.2#s0,0.9929824561403509,0.9972588603308716,0.9975266731328807,random,0.2,0.0
random@0.2#s1,0.9929824561403509,0.9980650778806153,0.9983511154219205,random,0.2,1.0
random@0.2#s2,0.9929824561403509,0.9984198136025025,0.9989815712900098,random,0.2,2.0
random@0.3#s0,0.9782456140350877,0.9882292237737431,0.9871483996120272,random,0.3,0.0
random@0.3#s1,0.9782456140350877,0.9908413686349125,0.9914161008729389,random,0.3,1.0
random@0.3#s2,0.9782456140350877,0.9921958141184817,0.9932104752667313,random,0.3,2.0
random@0.4#s0,0.9328654970760234,0.9702989454674449,0.9709505334626576,random,0.4,0.0
random@0.4#s1,0.9328654970760234,0.9691057434938244,0.9687681862269641,random,0.4,1.0
random@0.4#s2,0.9328654970760234,0.969911961043568,0.9699321047526673,random,0.4,2.0
random@0.5#s0,0.8355555555555556,0.9148634267470734,0.9161008729388943,random,0.5,0.0
random@0.5#s1,0.8355555555555556,0.917959302138089,0.9186226964112512,random,0.5,1.0
random@0.5#s2,0.8355555555555556,0.9159598826147247,0.9168768186226964,random,0.5,2.0
random@0.6#s0,0.6086549707602339,0.7967364313586378,0.805286129970902,random,0.6,0.0
random@0.6#s1,0.6086549707602339,0.7901576961527299,0.7917070805043647,random,0.6,1.0
random@0.6#s2,0.6086549707602339,0.7997033119416943,0.8107662463627546,random,0.6,2.0
random@0.7#s0,0.25356725146198833,0.4311651456028895,0.4181862269641125,random,0.7,0.0
random@0.7#s1,0.25356725146198833,0.4254571253507046,0.41547041707080506,random,0.7,1.0
random@0.7#s2,0.25356725146198833,0.4310361507949305,0.42129000969932107,random,0.7,2.0
random@0.8#s0,0.03742690058479532,0.07601019058982876,0.07196896217264792,random,0.8,0.0
random@0.8#s1,0.03742690058479532,0.07549421135799284,0.07221144519883609,random,0.8,1.0
random@0.8#s2,0.03742690058479532,0.06352994291979748,0.05586808923375364,random,0.8,2.0
random@0.9#s0,0.0030409356725146198,0.001483440291528266,0.0012609117361784676,random,0.9,0.0
random@0.9#s1,0.0030409356725146198,0.0023864039472411237,0.0017943743937924345,random,0.9,1.0
random@0.9#s2,0.0030409356725146198,0.0011932019736205618,0.0008244422890397673,random,0.9,2.0
random@0.95#s0,0.0009356725146198831,0.000741720145764133,0.0003879728419010669,random,0.95,0.0
random@0.95#s1,0.0009356725146198831,0.0009029636557128576,0.0009214354995150339,random,0.95,1.0
random@0.95#s2,0.0009356725146198831,0.0013866941855590312,0.001454898157129001,random,0.95,2.0
random@0.99#s0,0.00023391812865497077,0.00041923312586668386,0.0003879728419010669,random,0.99,0.0
random@0.99#s1,0.00023391812865497077,0.000354735721887194,0.0003879728419010669,random,0.99,1.0
random@0.99#s2,0.00023391812865497077,0.00041923312586668386,0.0003879728419010669,random,0.99,2.0
oracle_gt_any,0.928654970760234,1.0,1.0,oracle,,
