method,category,n_gt,AP,AP50,APs
sahi_uniform,person,13969,0.18946866958905742,0.41496095931833826,0.15958995409854718
sahi_uniform,car,16039,0.3840468014448218,0.5728121409835579,0.19705204796296583
sahi_uniform,truck,750,0.10963136078999709,0.1611176387070746,0.0294314336888568
sahi_uniform,bus,251,0.2617899823586734,0.36918349750319834,0.08147896994311912
glance[det+edge]@0.9,person,13969,0.18880729725107748,0.4102588776021103,0.1583145140159442
glance[det+edge]@0.9,car,16039,0.38187158526247306,0.5724371959464643,0.1961813276768787
glance[det+edge]@0.9,truck,750,0.10850905709452617,0.15829242274711344,0.026368689995127047
glance[det+edge]@0.9,bus,251,0.2616331132513703,0.36881035879801405,0.08503694438418875
random_matched@0.9#s0,person,13969,0.18212775940253503,0.399846047933438,0.1522789755644526
random_matched@0.9#s0,car,16039,0.3729820802361755,0.5586760411143364,0.18569802557052784
random_matched@0.9#s0,truck,750,0.10049959500095519,0.1497511833321882,0.025298536331938813
random_matched@0.9#s0,bus,251,0.2488874867575242,0.35138387613503713,0.07915569342329733
