image_id,n_slices,n_run,n_gt,n_gt_small,cov_small,time,method
1,15,0,56,42,0,8.591460699986783,full_image
2,15,0,46,29,0,0.03019079999648966,full_image
3,15,0,27,18,0,0.03030820000276435,full_image
4,15,0,60,48,0,0.030718600013642572,full_image
5,15,0,86,7,0,0.029823699995176867,full_image
6,15,0,95,23,0,0.02783719998842571,full_image
7,15,0,91,50,0,0.028969400009373203,full_image
8,15,0,88,73,0,0.03108099999371916,full_image
9,15,0,108,76,0,0.029224799989606254,full_image
10,6,0,21,18,0,0.02298549999250099,full_image
11,6,0,10,10,0,0.022401599984732457,full_image
12,6,0,4,4,0,0.03398549999110401,full_image
13,6,0,33,27,0,0.028662199998507276,full_image
14,6,0,25,18,0,0.01887850000639446,full_image
15,6,0,13,4,0,0.019043199994484894,full_image
16,6,0,10,0,0,0.032388799998443574,full_image
17,6,0,30,26,0,0.027769499996793456,full_image
18,6,0,21,20,0,0.021797900000819936,full_image
19,6,0,15,4,0,0.02174929999455344,full_image
20,6,0,12,0,0,0.03582960000494495,full_image
21,6,0,15,6,0,0.018984200010891072,full_image
22,6,0,7,1,0,0.0188575999927707,full_image
23,6,0,10,10,0,0.022779100021580234,full_image
24,6,0,7,1,0,0.0192799000069499,full_image
25,8,0,8,0,0,0.028547699985210784,full_image
26,8,0,15,1,0,0.02141940000001341,full_image
27,8,0,21,2,0,0.03859970001212787,full_image
28,8,0,10,0,0,0.02932999999029562,full_image
29,8,0,9,0,0,0.020422099987627007,full_image
30,8,0,16,9,0,0.021340599996619858,full_image
31,8,0,12,0,0,0.025496599992038682,full_image
32,8,0,22,1,0,0.020929999998770654,full_image
33,8,0,13,0,0,0.02740059999632649,full_image
34,8,0,43,21,0,0.02537519999896176,full_image
35,8,0,37,9,0,0.026099499998963438,full_image
36,6,0,85,54,0,0.0280825000081677,full_image
37,6,0,69,44,0,0.026761100001749583,full_image
38,8,0,25,5,0,0.021133899994310923,full_image
39,8,0,26,5,0,0.022364300006302074,full_image
40,8,0,45,19,0,0.023437300013029017,full_image
41,8,0,26,5,0,0.02346100000431761,full_image
42,8,0,35,12,0,0.02693260001251474,full_image
43,8,0,43,14,0,0.021728399995481595,full_image
44,8,0,63,28,0,0.023946000001160428,full_image
45,8,0,70,21,0,0.02397549999295734,full_image
46,8,0,11,4,0,0.027341099994373508,full_image
47,6,0,83,71,0,0.020550499990349635,full_image
48,6,0,35,19,0,0.01975999999558553,full_image
49,6,0,63,39,0,0.01988550000532996,full_image
50,6,0,144,130,0,0.020119799999520183,full_image
51,6,0,103,92,0,0.019291499993414618,full_image
52,6,0,167,158,0,0.02143059998343233,full_image
53,8,0,1,0,0,0.020974900005967356,full_image
54,8,0,3,0,0,0.023889299991424195,full_image
55,8,0,4,0,0,0.030051699999603443,full_image
56,8,0,5,0,0,0.022103899987996556,full_image
57,8,0,5,0,0,0.02745030001096893,full_image
58,8,0,4,0,0,0.02285580000898335,full_image
59,8,0,3,0,0,0.023526000004494563,full_image
60,8,0,4,0,0,0.020879499992588535,full_image
61,8,0,2,0,0,0.02221680001821369,full_image
62,8,0,1,0,0,0.020832399997743778,full_image
63,6,0,45,40,0,0.020809399997233413,full_image
64,6,0,60,51,0,0.024084599994239397,full_image
65,6,0,40,33,0,0.021999899996444583,full_image
66,6,0,51,47,0,0.02164500000071712,full_image
67,6,0,26,17,0,0.029674299992620945,full_image
68,6,0,45,38,0,0.02075780001177918,full_image
69,6,0,40,34,0,0.024515400000382215,full_image
70,8,0,119,106,0,0.029080799999064766,full_image
71,8,0,59,34,0,0.0400664000044344,full_image
72,8,0,42,25,0,0.02440300000307616,full_image
73,8,0,92,60,0,0.024185900008887984,full_image
74,8,0,22,7,0,0.023394100004225038,full_image
75,15,0,162,50,0,0.03424170000653248,full_image
76,6,0,39,32,0,0.022218800004338846,full_image
77,6,0,34,24,0,0.022377000001142733,full_image
78,6,0,27,21,0,0.020718900006613694,full_image
79,6,0,38,38,0,0.02157890000671614,full_image
80,6,0,41,36,0,0.021126399995409884,full_image
81,6,0,28,25,0,0.021573299993178807,full_image
82,6,0,33,26,0,0.020093699989956804,full_image
83,6,0,33,28,0,0.021729800006141886,full_image
84,6,0,48,44,0,0.020291799984988756,full_image
85,6,0,45,42,0,0.020618199996533804,full_image
86,6,0,64,53,0,0.021137000003363937,full_image
87,6,0,52,47,0,0.02272199999424629,full_image
88,6,0,60,43,0,0.022587300001760013,full_image
89,6,0,76,63,0,0.02102189998549875,full_image
90,6,0,65,53,0,0.022027800005162135,full_image
91,6,0,51,45,0,0.020074999978533015,full_image
92,6,0,40,35,0,0.021280300003127195,full_image
93,6,0,36,31,0,0.025887700001476333,full_image
94,6,0,24,18,0,0.022720099994330667,full_image
95,6,0,29,25,0,0.020980000001145527,full_image
96,6,0,23,18,0,0.0213186000182759,full_image
97,6,0,36,29,0,0.025737699994351715,full_image
98,6,0,51,44,0,0.023953199983225204,full_image
99,6,0,36,31,0,0.02146570000331849,full_image
100,15,0,19,8,0,0.02788850001525134,full_image
101,15,0,50,11,0,0.03052800001751166,full_image
102,6,0,40,33,0,0.026003300008596852,full_image
103,6,0,51,44,0,0.04205869999714196,full_image
104,6,0,74,64,0,0.023759400006383657,full_image
105,6,0,59,53,0,0.02188679999380838,full_image
106,6,0,47,44,0,0.02417550000245683,full_image
107,6,0,41,40,0,0.02276860001438763,full_image
108,6,0,24,24,0,0.02219879999756813,full_image
109,6,0,26,26,0,0.021860799999558367,full_image
110,6,0,21,21,0,0.019767700010561384,full_image
111,6,0,34,32,0,0.03691939999407623,full_image
112,6,0,45,40,0,0.021978600008878857,full_image
113,6,0,88,83,0,0.02221579999604728,full_image
114,6,0,50,46,0,0.02571180000086315,full_image
115,6,0,36,26,0,0.021007999996072613,full_image
116,6,0,22,17,0,0.027467699997941963,full_image
117,6,0,16,11,0,0.02187519999279175,full_image
118,15,0,43,38,0,0.029833199994754978,full_image
119,6,0,13,4,0,0.028526499983854592,full_image
120,8,0,82,74,0,0.03372839999792632,full_image
121,8,0,79,50,0,0.02612149999185931,full_image
122,8,0,89,53,0,0.02510509999410715,full_image
123,8,0,130,81,0,0.03172139999514911,full_image
124,8,0,92,50,0,0.04110279999440536,full_image
125,8,0,120,85,0,0.0243791999964742,full_image
126,8,0,118,84,0,0.02329769999778364,full_image
127,8,0,79,43,0,0.02621680000447668,full_image
128,8,0,140,118,0,0.029151700000511482,full_image
129,8,0,52,16,0,0.027435600000899285,full_image
130,8,0,67,33,0,0.025390100010554306,full_image
131,8,0,45,19,0,0.024923799996031448,full_image
132,8,0,63,39,0,0.028044199993018992,full_image
133,8,0,80,51,0,0.027205100006540306,full_image
134,8,0,72,41,0,0.030682799988426268,full_image
135,8,0,43,14,0,0.03247730001749005,full_image
136,8,0,22,12,0,0.030179099994711578,full_image
137,8,0,82,51,0,0.021852500009117648,full_image
138,15,0,31,21,0,0.04268679999222513,full_image
139,15,0,59,36,0,0.034630399983143434,full_image
140,6,0,11,9,0,0.0277704000036465,full_image
141,6,0,33,24,0,0.021045300003606826,full_image
142,6,0,37,30,0,0.02700349999940954,full_image
143,6,0,40,34,0,0.03115830000024289,full_image
144,6,0,2,0,0,0.03486360001261346,full_image
145,6,0,7,1,0,0.024403899995377287,full_image
146,6,0,60,55,0,0.020938700006809086,full_image
147,6,0,57,40,0,0.02546710000024177,full_image
148,6,0,43,42,0,0.020264400009182282,full_image
149,6,0,26,22,0,0.02304800000274554,full_image
150,6,0,27,18,0,0.02397460000065621,full_image
151,6,0,5,2,0,0.02197869999508839,full_image
152,6,0,29,18,0,0.02282980000018142,full_image
153,6,0,6,4,0,0.023348300004727207,full_image
154,6,0,22,10,0,0.023644699991564266,full_image
155,6,0,23,22,0,0.024769099996774457,full_image
156,6,0,20,18,0,0.026083899996592663,full_image
157,6,0,37,36,0,0.02367239999875892,full_image
158,6,0,10,8,0,0.02713840000797063,full_image
159,6,0,36,31,0,0.02489039998908993,full_image
160,6,0,24,22,0,0.02099629999429453,full_image
161,6,0,94,86,0,0.022405299998354167,full_image
162,6,0,57,56,0,0.02378209999005776,full_image
163,6,0,112,105,0,0.02557939999678638,full_image
164,6,0,93,82,0,0.025899600004777312,full_image
165,6,0,33,28,0,0.022039700008463115,full_image
166,6,0,120,107,0,0.022336400012136437,full_image
167,6,0,46,33,0,0.028717599983792752,full_image
168,6,0,78,61,0,0.022312600005534478,full_image
169,6,0,90,63,0,0.024657099987962283,full_image
170,6,0,79,67,0,0.021359199992730282,full_image
171,6,0,60,59,0,0.02213810000102967,full_image
172,6,0,44,44,0,0.021206499994150363,full_image
173,6,0,76,68,0,0.022792100004153326,full_image
174,6,0,66,53,0,0.03437739999208134,full_image
175,6,0,40,37,0,0.02222240000264719,full_image
176,6,0,19,16,0,0.025720899982843548,full_image
177,6,0,44,29,0,0.02435319998767227,full_image
178,6,0,71,62,0,0.027089800001704134,full_image
179,6,0,51,46,0,0.025810499995714054,full_image
180,6,0,14,8,0,0.021396899988758378,full_image
181,6,0,77,66,0,0.023196499998448417,full_image
182,6,0,78,66,0,0.028075299996999092,full_image
183,6,0,72,60,0,0.023562199989100918,full_image
184,6,0,96,96,0,0.019817700012936257,full_image
185,8,0,84,70,0,0.02653620000637602,full_image
186,8,0,42,24,0,0.02575339999748394,full_image
187,8,0,16,5,0,0.02547080001386348,full_image
188,8,0,111,90,0,0.043211099997279234,full_image
189,8,0,47,27,0,0.023436200004653074,full_image
190,8,0,85,66,0,0.03950529999565333,full_image
191,8,0,32,18,0,0.04226409998955205,full_image
192,8,0,48,31,0,0.038177299982635304,full_image
193,8,0,19,11,0,0.031023400006233715,full_image
194,8,0,53,39,0,0.027496299997437745,full_image
195,8,0,54,41,0,0.05085349999717437,full_image
196,8,0,39,23,0,0.03539140000066254,full_image
197,8,0,45,32,0,0.027387599999201484,full_image
198,8,0,40,29,0,0.02405700000235811,full_image
199,8,0,69,45,0,0.027799399991636164,full_image
200,8,0,66,39,0,0.02445179999631364,full_image
201,8,0,46,34,0,0.02525340001739096,full_image
202,8,0,48,33,0,0.024279999983264133,full_image
203,8,0,63,43,0,0.0239224999822909,full_image
204,8,0,38,25,0,0.025239899987354875,full_image
205,8,0,59,47,0,0.025209799990989268,full_image
206,8,0,47,26,0,0.025750699991476722,full_image
207,8,0,65,46,0,0.029590199992526323,full_image
208,8,0,72,54,0,0.03152760000375565,full_image
209,8,0,92,54,0,0.03195590000541415,full_image
210,8,0,124,73,0,0.04128260001016315,full_image
211,8,0,116,75,0,0.03087210000376217,full_image
212,8,0,111,63,0,0.032344200008083135,full_image
213,8,0,98,35,0,0.032966300001135096,full_image
214,8,0,75,26,0,0.03290940000442788,full_image
215,8,0,48,33,0,0.029738800003542565,full_image
216,8,0,20,18,0,0.028545100009068847,full_image
217,8,0,36,13,0,0.0324920999846654,full_image
218,8,0,32,7,0,0.031907199998386204,full_image
219,8,0,53,41,0,0.029080899999826215,full_image
220,8,0,59,48,0,0.032171699989703484,full_image
221,8,0,35,27,0,0.03094060000148602,full_image
222,8,0,40,29,0,0.030680700016091578,full_image
223,8,0,29,20,0,0.03112100000726059,full_image
224,8,0,24,17,0,0.03908279999450315,full_image
225,8,0,21,19,0,0.03299150000384543,full_image
226,8,0,15,15,0,0.029308500001206994,full_image
227,8,0,40,28,0,0.029250599996885285,full_image
228,8,0,47,39,0,0.02851270000974182,full_image
229,8,0,32,26,0,0.03150650000316091,full_image
230,8,0,34,29,0,0.02675119998457376,full_image
231,8,0,35,27,0,0.029044400012935512,full_image
232,8,0,60,54,0,0.026843699990422465,full_image
233,8,0,60,53,0,0.03318250000302214,full_image
234,8,0,44,34,0,0.03032550000352785,full_image
235,8,0,64,42,0,0.03233100000943523,full_image
236,8,0,54,40,0,0.04052879998926073,full_image
237,8,0,58,25,0,0.038495200002216734,full_image
238,8,0,40,5,0,0.02879219999886118,full_image
239,8,0,10,8,0,0.02947870000207331,full_image
240,8,0,9,5,0,0.03227290000359062,full_image
241,8,0,7,5,0,0.03261309998924844,full_image
242,8,0,6,3,0,0.031338100001448765,full_image
243,8,0,8,8,0,0.0372332999977516,full_image
244,8,0,6,6,0,0.032547200011322275,full_image
245,8,0,14,12,0,0.03125729999737814,full_image
246,8,0,69,50,0,0.027484299993375316,full_image
247,8,0,72,40,0,0.033904199983226135,full_image
248,8,0,92,69,0,0.023854900005972013,full_image
249,8,0,64,32,0,0.027951199997914955,full_image
250,8,0,65,35,0,0.03201880000415258,full_image
251,8,0,91,55,0,0.02661909999733325,full_image
252,8,0,74,30,0,0.023607299983268604,full_image
253,8,0,60,26,0,0.025808199992752634,full_image
254,8,0,80,53,0,0.02403839999169577,full_image
255,8,0,104,79,0,0.023551200007204898,full_image
256,8,0,76,52,0,0.023482200005673803,full_image
257,8,0,86,59,0,0.023565400013467297,full_image
258,8,0,56,23,0,0.02377020001586061,full_image
259,8,0,71,49,0,0.026252199997543357,full_image
260,8,0,59,34,0,0.023878599997260608,full_image
261,8,0,60,27,0,0.022880499993334524,full_image
262,8,0,86,56,0,0.02302929999132175,full_image
263,8,0,89,57,0,0.025590599994757213,full_image
264,8,0,68,49,0,0.025369499999214895,full_image
265,8,0,36,14,0,0.37654130000737496,full_image
266,8,0,49,31,0,0.02618229998915922,full_image
267,8,0,60,47,0,0.033595500004594214,full_image
268,8,0,58,38,0,0.02388710000377614,full_image
269,8,0,108,89,0,0.022488799993880093,full_image
270,8,0,119,86,0,0.02413479999813717,full_image
271,8,0,104,69,0,0.0400600000139093,full_image
272,8,0,98,66,0,0.024906899998313747,full_image
273,8,0,82,64,0,0.029340199995203875,full_image
274,8,0,61,40,0,0.022839599987491965,full_image
275,8,0,73,50,0,0.02333000001090113,full_image
276,8,0,83,59,0,0.02890260001004208,full_image
277,8,0,64,40,0,0.039252100003068335,full_image
278,8,0,47,25,0,0.02289970000856556,full_image
279,8,0,68,45,0,0.022786099987570196,full_image
280,8,0,67,40,0,0.025112899995292537,full_image
281,8,0,69,43,0,0.03527279999980237,full_image
282,15,0,6,1,0,0.026313099995604716,full_image
283,15,0,9,7,0,0.026918200004729442,full_image
284,15,0,8,7,0,0.028658099996391684,full_image
285,15,0,4,0,0,0.026164100010646507,full_image
286,8,0,42,28,0,0.023106700013158843,full_image
287,8,0,39,20,0,0.0381554000050528,full_image
288,8,0,41,20,0,0.02211050000914838,full_image
289,8,0,79,63,0,0.03726450000249315,full_image
290,8,0,48,27,0,0.023742299992591143,full_image
291,8,0,60,40,0,0.023233300002175383,full_image
292,8,0,57,40,0,0.024063100005150773,full_image
293,8,0,61,41,0,0.022261099991737865,full_image
294,8,0,57,43,0,0.02268930000718683,full_image
295,8,0,49,35,0,0.02242639999894891,full_image
296,8,0,35,19,0,0.021819300003699027,full_image
297,8,0,20,9,0,0.021013300007325597,full_image
298,8,0,16,5,0,0.022030699998140335,full_image
299,8,0,31,12,0,0.02155010000569746,full_image
300,8,0,38,11,0,0.02271910000126809,full_image
301,8,0,18,4,0,0.03020029999606777,full_image
302,8,0,44,0,0,0.03432390000671148,full_image
303,8,0,60,24,0,0.034958299991558306,full_image
304,8,0,39,13,0,0.02197349999914877,full_image
305,8,0,50,25,0,0.020239500008756295,full_image
306,8,0,28,11,0,0.030013499985216185,full_image
307,8,0,31,12,0,0.021884900008444674,full_image
308,8,0,39,14,0,0.024690899983397685,full_image
309,8,0,32,8,0,0.024544200001400895,full_image
310,8,0,30,9,0,0.022420800014515407,full_image
311,8,0,25,7,0,0.023668699999689125,full_image
312,8,0,28,11,0,0.022474100012914278,full_image
313,8,0,28,6,0,0.025809200000367127,full_image
314,8,0,34,15,0,0.023014200007310137,full_image
315,8,0,37,15,0,0.023919800005387515,full_image
316,8,0,21,7,0,0.0324179000017466,full_image
317,8,0,36,20,0,0.021847399999387562,full_image
318,8,0,39,16,0,0.021712299989303574,full_image
319,8,0,33,11,0,0.02211979999265168,full_image
320,8,0,44,22,0,0.031421199993928894,full_image
321,8,0,37,18,0,0.02478650001285132,full_image
322,8,0,53,36,0,0.02411690000735689,full_image
323,8,0,69,52,0,0.029373099998338148,full_image
324,8,0,53,37,0,0.03365079998911824,full_image
325,8,0,59,50,0,0.02923819998977706,full_image
326,8,0,68,48,0,0.025384499997016974,full_image
327,8,0,70,27,0,0.0284001999971224,full_image
328,8,0,52,27,0,0.026569100009510294,full_image
329,8,0,45,20,0,0.029289799989783205,full_image
330,8,0,48,23,0,0.026941200005239807,full_image
331,8,0,53,24,0,0.025384399996255524,full_image
332,8,0,75,51,0,0.025165199986076914,full_image
333,8,0,69,43,0,0.029149799986043945,full_image
334,8,0,66,37,0,0.036614000011468306,full_image
335,8,0,66,32,0,0.026540200007730164,full_image
336,8,0,58,33,0,0.03868660000443924,full_image
337,8,0,64,33,0,0.025703999999677762,full_image
338,8,0,68,48,0,0.023430399989592843,full_image
339,8,0,54,25,0,0.025588800010154955,full_image
340,8,0,29,7,0,0.02470010000979528,full_image
341,8,0,67,35,0,0.026817700010724366,full_image
342,8,0,145,127,0,0.031085899987374432,full_image
343,8,0,86,65,0,0.025238700007321313,full_image
344,8,0,138,116,0,0.028969300008611754,full_image
345,8,0,103,51,0,0.026702300005126745,full_image
346,8,0,123,92,0,0.035562899996875785,full_image
347,8,0,172,102,0,0.03305579999869224,full_image
348,8,0,109,78,0,0.027036400002543814,full_image
349,8,0,66,27,0,0.03844140001456253,full_image
350,8,0,95,37,0,0.026273200011928566,full_image
351,8,0,144,68,0,0.03201109998917673,full_image
352,8,0,122,58,0,0.037101399997482076,full_image
353,8,0,154,87,0,0.038434400004916824,full_image
354,8,0,201,151,0,0.035093999991659075,full_image
355,8,0,154,101,0,0.0355182000057539,full_image
356,8,0,89,40,0,0.03105130000039935,full_image
357,8,0,161,105,0,0.02678300000843592,full_image
358,8,0,89,39,0,0.033939899993129075,full_image
359,8,0,85,37,0,0.03791629998886492,full_image
360,8,0,100,43,0,0.051120699994498864,full_image
361,8,0,113,58,0,0.0402994000032777,full_image
362,8,0,180,124,0,0.03342649998376146,full_image
363,8,0,89,70,0,0.03243680001469329,full_image
364,8,0,108,94,0,0.023348600007011555,full_image
365,8,0,71,48,0,0.02891730000555981,full_image
366,8,0,173,153,0,0.03277989999332931,full_image
367,8,0,137,113,0,0.02751719999650959,full_image
368,8,0,219,195,0,0.04099010000936687,full_image
369,8,0,186,168,0,0.03212160000111908,full_image
370,8,0,179,163,0,0.034679799995501526,full_image
371,8,0,126,97,0,0.03535200002079364,full_image
372,8,0,269,232,0,0.029729899993981235,full_image
373,8,0,275,231,0,0.03155410001636483,full_image
374,8,0,161,105,0,0.029197099996963516,full_image
375,8,0,271,236,0,0.04144889999588486,full_image
376,8,0,189,157,0,0.03471180000633467,full_image
377,8,0,72,39,0,0.028591699985554442,full_image
378,8,0,155,104,0,0.02977890000329353,full_image
379,8,0,60,34,0,0.028273099989746697,full_image
380,8,0,74,48,0,0.030560000013792887,full_image
381,8,0,76,44,0,0.040823199989972636,full_image
382,8,0,53,38,0,0.0255131000012625,full_image
383,8,0,52,31,0,0.02817469999718014,full_image
384,8,0,70,52,0,0.028827300004195422,full_image
385,8,0,78,54,0,0.028679100010776892,full_image
386,8,0,85,34,0,0.026194200007012114,full_image
387,8,0,84,33,0,0.03597140000783838,full_image
388,8,0,48,20,0,0.025647899994510226,full_image
389,8,0,58,23,0,0.02697459999762941,full_image
390,8,0,59,25,0,0.03058180000516586,full_image
391,8,0,61,26,0,0.035814000002574176,full_image
392,8,0,59,24,0,0.030410900013521314,full_image
393,8,0,63,34,0,0.04186620000109542,full_image
394,8,0,78,72,0,0.02759189999778755,full_image
395,8,0,148,139,0,0.037085399992065504,full_image
396,8,0,5,4,0,0.03018450000672601,full_image
397,8,0,81,68,0,0.026758699998026714,full_image
398,8,0,44,38,0,0.025372200005222112,full_image
399,8,0,36,26,0,0.042618199993739836,full_image
400,8,0,22,11,0,0.03084780000790488,full_image
401,8,0,28,23,0,0.03235199999471661,full_image
402,8,0,22,17,0,0.02561969999806024,full_image
403,8,0,11,7,0,0.033422899985453114,full_image
404,8,0,37,22,0,0.02632900000025984,full_image
405,8,0,29,17,0,0.035705299989786,full_image
406,8,0,26,16,0,0.03260860001319088,full_image
407,8,0,6,1,0,0.035286600003018975,full_image
408,8,0,7,3,0,0.03475739998975769,full_image
409,8,0,7,2,0,0.023231399987707846,full_image
410,8,0,83,66,0,0.024617300005047582,full_image
411,8,0,55,35,0,0.023186999998870306,full_image
412,8,0,54,34,0,0.024602399993455037,full_image
413,8,0,56,33,0,0.027610699995420873,full_image
414,8,0,67,43,0,0.02774060000956524,full_image
415,8,0,72,47,0,0.025870700002997182,full_image
416,8,0,71,42,0,0.023398299992550164,full_image
417,8,0,59,27,0,0.032914700015680864,full_image
418,8,0,78,59,0,0.030374400012078695,full_image
419,8,0,51,34,0,0.03284759999951348,full_image
420,8,0,52,39,0,0.03424769999401178,full_image
421,8,0,63,41,0,0.028839899998274632,full_image
422,8,0,66,48,0,0.02870069998607505,full_image
423,8,0,93,74,0,0.028523100016172975,full_image
424,8,0,64,48,0,0.02669939999759663,full_image
425,8,0,54,41,0,0.027786399994511157,full_image
426,8,0,93,75,0,0.03097729998989962,full_image
427,8,0,111,93,0,0.02615489999880083,full_image
428,8,0,88,67,0,0.03227349997905549,full_image
429,8,0,74,50,0,0.029952600001706742,full_image
430,8,0,117,90,0,0.027014499995857477,full_image
431,8,0,98,78,0,0.032321399994543754,full_image
432,8,0,87,68,0,0.028563600004417822,full_image
433,8,0,76,50,0,0.026719200002844445,full_image
434,8,0,86,62,0,0.029507599989301525,full_image
435,8,0,94,66,0,0.044347200004267506,full_image
436,8,0,118,82,0,0.04515059999539517,full_image
437,8,0,80,59,0,0.06511440000031143,full_image
438,8,0,50,27,0,0.04027249998762272,full_image
439,8,0,51,31,0,0.0693613000184996,full_image
440,8,0,38,21,0,0.04412700000102632,full_image
441,8,0,35,20,0,0.048895900006755255,full_image
442,8,0,38,24,0,0.039355000015348196,full_image
443,8,0,57,23,0,0.03498830000171438,full_image
444,8,0,25,6,0,0.03247910000209231,full_image
445,8,0,97,69,0,0.034465199991245754,full_image
446,8,0,29,16,0,0.034865900001022965,full_image
447,8,0,45,33,0,0.03360590001102537,full_image
448,8,0,61,28,0,0.03428890000213869,full_image
449,8,0,81,45,0,0.02745570000843145,full_image
450,8,0,53,24,0,0.043755399994552135,full_image
451,8,0,50,13,0,0.036926800006767735,full_image
452,8,0,59,30,0,0.03621819999534637,full_image
453,8,0,73,46,0,0.031031099992105737,full_image
454,8,0,44,27,0,0.030692600004840642,full_image
455,8,0,37,16,0,0.03199250000761822,full_image
456,8,0,34,18,0,0.03272070000821259,full_image
457,8,0,53,23,0,0.038207599995075725,full_image
458,8,0,74,34,0,0.031986400004825555,full_image
459,8,0,72,38,0,0.025174499984132126,full_image
460,8,0,31,13,0,0.026020699995569885,full_image
461,8,0,27,15,0,0.02985419999458827,full_image
462,8,0,25,10,0,0.034214500003145076,full_image
463,8,0,19,6,0,0.028279600010137074,full_image
464,8,0,27,19,0,0.034510199999203905,full_image
465,8,0,68,64,0,0.03613229999609757,full_image
466,8,0,52,39,0,0.02390689999447204,full_image
467,8,0,53,40,0,0.02397739999287296,full_image
468,8,0,65,49,0,0.02593840000918135,full_image
469,8,0,71,60,0,0.02436069998657331,full_image
470,8,0,76,64,0,0.02358129998901859,full_image
471,8,0,83,64,0,0.0317155999946408,full_image
472,8,0,32,13,0,0.03755059999821242,full_image
473,8,0,24,3,0,0.0283147000009194,full_image
474,8,0,38,7,0,0.03418650000821799,full_image
475,8,0,26,5,0,0.03208039999299217,full_image
476,8,0,35,15,0,0.02740589999302756,full_image
477,8,0,17,6,0,0.033112299992353655,full_image
478,8,0,14,1,0,0.02746439998736605,full_image
479,8,0,7,3,0,0.02977380000811536,full_image
480,8,0,18,3,0,0.05133119999663904,full_image
481,8,0,19,6,0,0.03243269999802578,full_image
482,8,0,111,93,0,0.02487670000118669,full_image
483,8,0,84,68,0,0.036056400000234134,full_image
484,8,0,72,30,0,0.034620600010384806,full_image
485,8,0,61,35,0,0.036848900010227226,full_image
486,8,0,50,19,0,0.02778980000584852,full_image
487,8,0,41,16,0,0.025275199994212016,full_image
488,8,0,76,45,0,0.028033700000378303,full_image
489,8,0,27,23,0,0.16095570000470616,full_image
490,8,0,12,4,0,0.02233910000359174,full_image
491,8,0,96,71,0,0.0498329999827547,full_image
492,8,0,74,48,0,0.024479899992002174,full_image
493,8,0,83,61,0,0.03331450001860503,full_image
494,8,0,70,44,0,0.026837500001420267,full_image
495,8,0,75,51,0,0.03720130000147037,full_image
496,8,0,46,22,0,0.03140539999003522,full_image
497,8,0,71,50,0,0.03325179999228567,full_image
498,8,0,70,51,0,0.029214700000011362,full_image
499,8,0,79,65,0,0.025734100010595284,full_image
500,8,0,65,46,0,0.029181900012190454,full_image
501,8,0,63,36,0,0.02544559999660123,full_image
502,8,0,66,40,0,0.023636600002646446,full_image
503,8,0,60,41,0,0.024398699999437667,full_image
504,8,0,57,38,0,0.029131999996025115,full_image
505,8,0,77,54,0,0.02801940000790637,full_image
506,8,0,61,46,0,0.023949399997945875,full_image
507,8,0,77,60,0,0.023044599991408177,full_image
508,8,0,71,54,0,0.02635829999053385,full_image
509,8,0,80,61,0,0.02383620000910014,full_image
510,8,0,30,18,0,0.022972699996898882,full_image
511,8,0,30,15,0,0.02449910000723321,full_image
512,8,0,26,6,0,0.02451190000283532,full_image
513,8,0,29,6,0,0.028094600012991577,full_image
514,8,0,57,19,0,0.024667599995154887,full_image
515,8,0,12,0,0,0.025576099986210465,full_image
516,8,0,17,0,0,0.022575499999220483,full_image
517,8,0,31,25,0,0.02577009999367874,full_image
518,8,0,19,6,0,0.0265994000073988,full_image
519,8,0,10,2,0,0.023798100010026246,full_image
520,8,0,11,0,0,0.028035900002578273,full_image
521,8,0,57,35,0,0.027935500009334646,full_image
522,8,0,51,29,0,0.03342230000998825,full_image
523,8,0,55,28,0,0.03265510000346694,full_image
524,8,0,42,18,0,0.035597699985373765,full_image
525,8,0,38,17,0,0.028069799998775125,full_image
526,8,0,43,19,0,0.026726700001745485,full_image
527,8,0,56,25,0,0.04262330000346992,full_image
528,8,0,62,37,0,0.03021949999674689,full_image
529,8,0,31,7,0,0.0353227000014158,full_image
530,8,0,42,20,0,0.033123300003353506,full_image
531,8,0,46,28,0,0.026446100004250184,full_image
532,8,0,23,13,0,0.0305380000063451,full_image
533,8,0,40,27,0,0.026157500004046597,full_image
534,8,0,14,1,0,0.034522000001743436,full_image
535,8,0,6,0,0,0.030741399998078123,full_image
536,8,0,55,36,0,0.029634899998200126,full_image
537,8,0,51,12,0,0.0286327999929199,full_image
538,8,0,15,4,0,0.029008700017584488,full_image
539,8,0,41,10,0,0.028167399999802,full_image
540,8,0,19,1,0,0.02600969999912195,full_image
541,8,0,11,2,0,0.025525899982312694,full_image
542,8,0,21,3,0,0.02316430000064429,full_image
543,8,0,16,0,0,0.02727799999411218,full_image
544,6,0,34,31,0,0.03268980000575539,full_image
545,6,0,52,39,0,0.03132779999577906,full_image
546,6,0,36,30,0,0.023570699981064536,full_image
547,6,0,56,51,0,0.03238710000005085,full_image
548,6,0,57,47,0,0.025237000023480505,full_image
1,15,15,56,42,42,0.3298894999898039,sahi_uniform
2,15,15,46,29,29,0.2818406000296818,sahi_uniform
3,15,15,27,18,18,0.2973481000371976,sahi_uniform
4,15,15,60,48,48,0.29804589999548625,sahi_uniform
5,15,15,86,7,7,0.30447789997560903,sahi_uniform
6,15,15,95,23,23,0.3039483000029577,sahi_uniform
7,15,15,91,50,50,0.29691770000499673,sahi_uniform
8,15,15,88,73,73,0.29054469997936394,sahi_uniform
9,15,15,108,76,76,0.29145139997126535,sahi_uniform
10,6,6,21,18,18,0.15250209998339415,sahi_uniform
11,6,6,10,10,10,0.14606679997814354,sahi_uniform
12,6,6,4,4,4,0.14035499999590684,sahi_uniform
13,6,6,33,27,27,0.13613749996875413,sahi_uniform
14,6,6,25,18,18,0.12171359999047127,sahi_uniform
15,6,6,13,4,4,0.13160339997557458,sahi_uniform
16,6,6,10,0,0,0.14851350002572872,sahi_uniform
17,6,6,30,26,26,0.1399824000254739,sahi_uniform
18,6,6,21,20,20,0.1393520000274293,sahi_uniform
19,6,6,15,4,4,0.14128520002122968,sahi_uniform
20,6,6,12,0,0,0.15348510000330862,sahi_uniform
21,6,6,15,6,6,0.13414790001115762,sahi_uniform
22,6,6,7,1,1,0.1240955999965081,sahi_uniform
23,6,6,10,10,10,0.12291229999391362,sahi_uniform
24,6,6,7,1,1,0.1288088000001153,sahi_uniform
25,8,8,8,0,0,0.17897799996717367,sahi_uniform
26,8,8,15,1,1,0.15824570001859684,sahi_uniform
27,8,8,21,2,2,0.1766407000250183,sahi_uniform
28,8,8,10,0,0,0.16886649999651127,sahi_uniform
29,8,8,9,0,0,0.1568107999919448,sahi_uniform
30,8,8,16,9,9,0.16118410001217853,sahi_uniform
31,8,8,12,0,0,0.16821270000946242,sahi_uniform
32,8,8,22,1,1,0.15644619999511633,sahi_uniform
33,8,8,13,0,0,0.1722666000132449,sahi_uniform
34,8,8,43,21,21,0.20111669998732395,sahi_uniform
35,8,8,37,9,9,0.18227150000166148,sahi_uniform
36,6,6,85,54,54,0.15287860002717935,sahi_uniform
37,6,6,69,44,44,0.13951630001247395,sahi_uniform
38,8,8,25,5,5,0.16638510001939721,sahi_uniform
39,8,8,26,5,5,0.16828699999314267,sahi_uniform
40,8,8,45,19,19,0.16848570000729524,sahi_uniform
41,8,8,26,5,5,0.17398219999449793,sahi_uniform
42,8,8,35,12,12,0.17368189999251626,sahi_uniform
43,8,8,43,14,14,0.1827214999939315,sahi_uniform
44,8,8,63,28,28,0.16716230002930388,sahi_uniform
45,8,8,70,21,21,0.17682879998756107,sahi_uniform
46,8,8,11,4,4,0.17307340001570992,sahi_uniform
47,6,6,83,71,71,0.13913479998882394,sahi_uniform
48,6,6,35,19,19,0.12161160001414828,sahi_uniform
49,6,6,63,39,39,0.12527379997482058,sahi_uniform
50,6,6,144,130,130,0.12743540000519715,sahi_uniform
51,6,6,103,92,92,0.125455499990494,sahi_uniform
52,6,6,167,158,158,0.12915069998416584,sahi_uniform
53,8,8,1,0,0,0.18847060001280624,sahi_uniform
54,8,8,3,0,0,0.17513280002458487,sahi_uniform
55,8,8,4,0,0,0.1715863000281388,sahi_uniform
56,8,8,5,0,0,0.17347270000027493,sahi_uniform
57,8,8,5,0,0,0.19404350001423154,sahi_uniform
58,8,8,4,0,0,0.15781340000103228,sahi_uniform
59,8,8,3,0,0,0.16199429998232517,sahi_uniform
60,8,8,4,0,0,0.17887560003146064,sahi_uniform
61,8,8,2,0,0,0.1555769000115106,sahi_uniform
62,8,8,1,0,0,0.15308999999251682,sahi_uniform
63,6,6,45,40,40,0.14588010002626106,sahi_uniform
64,6,6,60,51,51,0.14763259998289868,sahi_uniform
65,6,6,40,33,33,0.1316054000199074,sahi_uniform
66,6,6,51,47,47,0.1324670000030892,sahi_uniform
67,6,6,26,17,17,0.1375380999961635,sahi_uniform
68,6,6,45,38,38,0.14571080000314396,sahi_uniform
69,6,6,40,34,34,0.1341182000032859,sahi_uniform
70,8,8,119,106,106,0.19829019998724107,sahi_uniform
71,8,8,59,34,34,0.1922395999863511,sahi_uniform
72,8,8,42,25,25,0.17169039999134839,sahi_uniform
73,8,8,92,60,60,0.19046859999070875,sahi_uniform
74,8,8,22,7,7,0.16980679995322134,sahi_uniform
75,15,15,162,50,50,0.28163360003964044,sahi_uniform
76,6,6,39,32,32,0.13032009999733418,sahi_uniform
77,6,6,34,24,24,0.13207820001116488,sahi_uniform
78,6,6,27,21,21,0.1245379000029061,sahi_uniform
79,6,6,38,38,38,0.13026189999072812,sahi_uniform
80,6,6,41,36,36,0.13477519998559728,sahi_uniform
81,6,6,28,25,25,0.14436909997311886,sahi_uniform
82,6,6,33,26,26,0.13369949998741504,sahi_uniform
83,6,6,33,28,28,0.13237550000485498,sahi_uniform
84,6,6,48,44,44,0.12564149998070206,sahi_uniform
85,6,6,45,42,42,0.12875949997396674,sahi_uniform
86,6,6,64,53,53,0.12785299998358823,sahi_uniform
87,6,6,52,47,47,0.13151229996583425,sahi_uniform
88,6,6,60,43,43,0.13103200003388338,sahi_uniform
89,6,6,76,63,63,0.13136499997926876,sahi_uniform
90,6,6,65,53,53,0.1392457000038121,sahi_uniform
91,6,6,51,45,45,0.14602239997475408,sahi_uniform
92,6,6,40,35,35,0.13082189997658134,sahi_uniform
93,6,6,36,31,31,0.1460347999818623,sahi_uniform
94,6,6,24,18,18,0.1381291000143392,sahi_uniform
95,6,6,29,25,25,0.14200569999229629,sahi_uniform
96,6,6,23,18,18,0.1306101999944076,sahi_uniform
97,6,6,36,29,29,0.13108140000258572,sahi_uniform
98,6,6,51,44,44,0.14183899998897687,sahi_uniform
99,6,6,36,31,31,0.13110279997636098,sahi_uniform
100,15,15,19,8,8,0.28108179999981076,sahi_uniform
101,15,15,50,11,11,0.3496271999902092,sahi_uniform
102,6,6,40,33,33,0.15519900002982467,sahi_uniform
103,6,6,51,44,44,0.18478650000179186,sahi_uniform
104,6,6,74,64,64,0.13282630001776852,sahi_uniform
105,6,6,59,53,53,0.13166010002896655,sahi_uniform
106,6,6,47,44,44,0.15710090001812205,sahi_uniform
107,6,6,41,40,40,0.13658540000324138,sahi_uniform
108,6,6,24,24,24,0.13855830000829883,sahi_uniform
109,6,6,26,26,26,0.12449150004249532,sahi_uniform
110,6,6,21,21,21,0.12518529999942984,sahi_uniform
111,6,6,34,32,32,0.14790170002379455,sahi_uniform
112,6,6,45,40,40,0.13114320000750013,sahi_uniform
113,6,6,88,83,83,0.13021790000493638,sahi_uniform
114,6,6,50,46,46,0.14362879999680445,sahi_uniform
115,6,6,36,26,26,0.1249153000098886,sahi_uniform
116,6,6,22,17,17,0.13727380003547296,sahi_uniform
117,6,6,16,11,11,0.13020919999689795,sahi_uniform
118,15,15,43,38,38,0.2872005000244826,sahi_uniform
119,6,6,13,4,4,0.1355539999785833,sahi_uniform
120,8,8,82,74,74,0.18770110000332352,sahi_uniform
121,8,8,79,50,50,0.16932540001289453,sahi_uniform
122,8,8,89,53,53,0.16895679998560809,sahi_uniform
123,8,8,130,81,81,0.17627080004604068,sahi_uniform
124,8,8,92,50,50,0.18867909999971744,sahi_uniform
125,8,8,120,85,85,0.1787146999995457,sahi_uniform
126,8,8,118,84,84,0.1689767999923788,sahi_uniform
127,8,8,79,43,43,0.23941389998071827,sahi_uniform
128,8,8,140,118,118,0.19615609999164008,sahi_uniform
129,8,8,52,16,16,0.20419269998092204,sahi_uniform
130,8,8,67,33,33,0.17450300001655705,sahi_uniform
131,8,8,45,19,19,0.17938980004691985,sahi_uniform
132,8,8,63,39,39,0.20218540000496432,sahi_uniform
133,8,8,80,51,51,0.17063120000238996,sahi_uniform
134,8,8,72,41,41,0.21236769996176008,sahi_uniform
135,8,8,43,14,14,0.22693260000960436,sahi_uniform
136,8,8,22,12,12,0.1802472000272246,sahi_uniform
137,8,8,82,51,51,0.1987334000004921,sahi_uniform
138,15,15,31,21,21,0.33625799999572337,sahi_uniform
139,15,15,59,36,36,0.35359200002858415,sahi_uniform
140,6,6,11,9,9,0.14495980001811404,sahi_uniform
141,6,6,33,24,24,0.12382870003057178,sahi_uniform
142,6,6,37,30,30,0.15791459997126367,sahi_uniform
143,6,6,40,34,34,0.1519277999905171,sahi_uniform
144,6,6,2,0,0,0.14789809996727854,sahi_uniform
145,6,6,7,1,1,0.13524899999902118,sahi_uniform
146,6,6,60,55,55,0.13197799999034032,sahi_uniform
147,6,6,57,40,40,0.13151920000382233,sahi_uniform
148,6,6,43,42,42,0.12330730000394396,sahi_uniform
149,6,6,26,22,22,0.12962789999437518,sahi_uniform
150,6,6,27,18,18,0.1473392000043532,sahi_uniform
151,6,6,5,2,2,0.12451369999325834,sahi_uniform
152,6,6,29,18,18,0.15309580000757705,sahi_uniform
153,6,6,6,4,4,0.1295065999875078,sahi_uniform
154,6,6,22,10,10,0.12936520000221208,sahi_uniform
155,6,6,23,22,22,0.14227969998319168,sahi_uniform
156,6,6,20,18,18,0.16108440002426505,sahi_uniform
157,6,6,37,36,36,0.13937179998902138,sahi_uniform
158,6,6,10,8,8,0.17738470000040252,sahi_uniform
159,6,6,36,31,31,0.13325899999472313,sahi_uniform
160,6,6,24,22,22,0.1327195999911055,sahi_uniform
161,6,6,94,86,86,0.2405923000042094,sahi_uniform
162,6,6,57,56,56,0.14114259999769274,sahi_uniform
163,6,6,112,105,105,0.1474974999728147,sahi_uniform
164,6,6,93,82,82,0.13382050000655,sahi_uniform
165,6,6,33,28,28,0.12686269998084754,sahi_uniform
166,6,6,120,107,107,0.14230570002109744,sahi_uniform
167,6,6,46,33,33,0.14401890001317952,sahi_uniform
168,6,6,78,61,61,0.14004759999806993,sahi_uniform
169,6,6,90,63,63,0.13218030000280123,sahi_uniform
170,6,6,79,67,67,0.12845620003645308,sahi_uniform
171,6,6,60,59,59,0.12453259996254928,sahi_uniform
172,6,6,44,44,44,0.1231481000140775,sahi_uniform
173,6,6,76,68,68,0.1420135000225855,sahi_uniform
174,6,6,66,53,53,0.14422939998621587,sahi_uniform
175,6,6,40,37,37,0.150369299997692,sahi_uniform
176,6,6,19,16,16,0.1300206000014441,sahi_uniform
177,6,6,44,29,29,0.1563449999812292,sahi_uniform
178,6,6,71,62,62,0.14222300000255927,sahi_uniform
179,6,6,51,46,46,0.17443660002027173,sahi_uniform
180,6,6,14,8,8,0.1359943999996176,sahi_uniform
181,6,6,77,66,66,0.15233420001459308,sahi_uniform
182,6,6,78,66,66,0.14713100001972634,sahi_uniform
183,6,6,72,60,60,0.1372772999748122,sahi_uniform
184,6,6,96,96,96,0.12910930000361986,sahi_uniform
185,8,8,84,70,70,0.19867789999989327,sahi_uniform
186,8,8,42,24,24,0.16667890003009234,sahi_uniform
187,8,8,16,5,5,0.17250059999059886,sahi_uniform
188,8,8,111,90,90,0.1909853000397561,sahi_uniform
189,8,8,47,27,27,0.18589259999862406,sahi_uniform
190,8,8,85,66,66,0.2572249999648193,sahi_uniform
191,8,8,32,18,18,0.22401799997896887,sahi_uniform
192,8,8,48,31,31,0.2109815999865532,sahi_uniform
193,8,8,19,11,11,0.19184359996870626,sahi_uniform
194,8,8,53,39,39,0.21191490000637714,sahi_uniform
195,8,8,54,41,41,0.23363190001691692,sahi_uniform
196,8,8,39,23,23,0.19666589998814743,sahi_uniform
197,8,8,45,32,32,0.1705355000012787,sahi_uniform
198,8,8,40,29,29,0.16128770001523662,sahi_uniform
199,8,8,69,45,45,0.21215849996951874,sahi_uniform
200,8,8,66,39,39,0.17490650003310293,sahi_uniform
201,8,8,46,34,34,0.193727600024431,sahi_uniform
202,8,8,48,33,33,0.16910779998579528,sahi_uniform
203,8,8,63,43,43,0.16801720000512432,sahi_uniform
204,8,8,38,25,25,0.1923106999893207,sahi_uniform
205,8,8,59,47,47,0.2163882000168087,sahi_uniform
206,8,8,47,26,26,0.202360299997963,sahi_uniform
207,8,8,65,46,46,0.2019890000083251,sahi_uniform
208,8,8,72,54,54,0.22375220000685658,sahi_uniform
209,8,8,92,54,54,0.2170318000135012,sahi_uniform
210,8,8,124,73,73,0.22301370001514442,sahi_uniform
211,8,8,116,75,75,0.20799509999051224,sahi_uniform
212,8,8,111,63,63,0.21989860002940986,sahi_uniform
213,8,8,98,35,35,0.20910430001094937,sahi_uniform
214,8,8,75,26,26,0.21201750000182074,sahi_uniform
215,8,8,48,33,33,0.20936179996351711,sahi_uniform
216,8,8,20,18,18,0.24033329998201225,sahi_uniform
217,8,8,36,13,13,0.2648213999927975,sahi_uniform
218,8,8,32,7,7,0.215161200001603,sahi_uniform
219,8,8,53,41,41,0.2348881999932928,sahi_uniform
220,8,8,59,48,48,0.2166389999911189,sahi_uniform
221,8,8,35,27,27,0.2069803000194952,sahi_uniform
222,8,8,40,29,29,0.21808320000127424,sahi_uniform
223,8,8,29,20,20,0.2236894000088796,sahi_uniform
224,8,8,24,17,17,0.24501910000981297,sahi_uniform
225,8,8,21,19,19,0.25231550002354197,sahi_uniform
226,8,8,15,15,15,0.21964850001677405,sahi_uniform
227,8,8,40,28,28,0.20500369995716028,sahi_uniform
228,8,8,47,39,39,0.21839129997533746,sahi_uniform
229,8,8,32,26,26,0.24388880003243685,sahi_uniform
230,8,8,34,29,29,0.20318979999865405,sahi_uniform
231,8,8,35,27,27,0.19279169998480938,sahi_uniform
232,8,8,60,54,54,0.18460849997063633,sahi_uniform
233,8,8,60,53,53,0.2423805999715114,sahi_uniform
234,8,8,44,34,34,0.2191894000134198,sahi_uniform
235,8,8,64,42,42,0.2718711000052281,sahi_uniform
236,8,8,54,40,40,0.253162200038787,sahi_uniform
237,8,8,58,25,25,0.25961719996121246,sahi_uniform
238,8,8,40,5,5,0.22812369996972848,sahi_uniform
239,8,8,10,8,8,0.22139420002349652,sahi_uniform
240,8,8,9,5,5,0.24785490000795107,sahi_uniform
241,8,8,7,5,5,0.23329809999268036,sahi_uniform
242,8,8,6,3,3,0.25306210001872387,sahi_uniform
243,8,8,8,8,8,0.2983861000102479,sahi_uniform
244,8,8,6,6,6,0.2033382999652531,sahi_uniform
245,8,8,14,12,12,0.19563419999030884,sahi_uniform
246,8,8,69,50,50,0.18117379996692762,sahi_uniform
247,8,8,72,40,40,0.19184470000618603,sahi_uniform
248,8,8,92,69,69,0.15804290000232868,sahi_uniform
249,8,8,64,32,32,0.16900989998248406,sahi_uniform
250,8,8,65,35,35,0.17300870001781732,sahi_uniform
251,8,8,91,55,55,0.16043019996141084,sahi_uniform
252,8,8,74,30,30,0.17251599999144673,sahi_uniform
253,8,8,60,26,26,0.1715866000013193,sahi_uniform
254,8,8,80,53,53,0.16513360000681132,sahi_uniform
255,8,8,104,79,79,0.16218109999317676,sahi_uniform
256,8,8,76,52,52,0.1609924999938812,sahi_uniform
257,8,8,86,59,59,0.15985270001692697,sahi_uniform
258,8,8,56,23,23,0.16350690000399482,sahi_uniform
259,8,8,71,49,49,0.17821329999424051,sahi_uniform
260,8,8,59,34,34,0.16279419999045786,sahi_uniform
261,8,8,60,27,27,0.1590791999915382,sahi_uniform
262,8,8,86,56,56,0.16577750000578817,sahi_uniform
263,8,8,89,57,57,0.1735066000110237,sahi_uniform
264,8,8,68,49,49,0.17777479998767376,sahi_uniform
265,8,8,36,14,14,0.5327815999626182,sahi_uniform
266,8,8,49,31,31,0.1699984000151744,sahi_uniform
267,8,8,60,47,47,0.1952490999683505,sahi_uniform
268,8,8,58,38,38,0.1636473999969894,sahi_uniform
269,8,8,108,89,89,0.15300639998167753,sahi_uniform
270,8,8,119,86,86,0.15836729999864474,sahi_uniform
271,8,8,104,69,69,0.18596040000556968,sahi_uniform
272,8,8,98,66,66,0.16581089999817777,sahi_uniform
273,8,8,82,64,64,0.17012339996290393,sahi_uniform
274,8,8,61,40,40,0.15725889999885112,sahi_uniform
275,8,8,73,50,50,0.16301690001273528,sahi_uniform
276,8,8,83,59,59,0.1656413999880897,sahi_uniform
277,8,8,64,40,40,0.18831079998926725,sahi_uniform
278,8,8,47,25,25,0.1555571999779204,sahi_uniform
279,8,8,68,45,45,0.16850149996753316,sahi_uniform
280,8,8,67,40,40,0.16232050000689924,sahi_uniform
281,8,8,69,43,43,0.16923670000687707,sahi_uniform
282,15,15,6,1,1,0.2846840999845881,sahi_uniform
283,15,15,9,7,7,0.2736218999780249,sahi_uniform
284,15,15,8,7,7,0.27020339998125564,sahi_uniform
285,15,15,4,0,0,0.26030430001264904,sahi_uniform
286,8,8,42,28,28,0.15778900000441354,sahi_uniform
287,8,8,39,20,20,0.17010720004327595,sahi_uniform
288,8,8,41,20,20,0.15290600001753774,sahi_uniform
289,8,8,79,63,63,0.1871882999985246,sahi_uniform
290,8,8,48,27,27,0.1587415999820223,sahi_uniform
291,8,8,60,40,40,0.1537792000162881,sahi_uniform
292,8,8,57,40,40,0.16055020003113896,sahi_uniform
293,8,8,61,41,41,0.14958189998287708,sahi_uniform
294,8,8,57,43,43,0.15243440006452147,sahi_uniform
295,8,8,49,35,35,0.1506276999716647,sahi_uniform
296,8,8,35,19,19,0.15447469998616725,sahi_uniform
297,8,8,20,9,9,0.1523995000316063,sahi_uniform
298,8,8,16,5,5,0.15983669998240657,sahi_uniform
299,8,8,31,12,12,0.15208440001879353,sahi_uniform
300,8,8,38,11,11,0.1524566000152845,sahi_uniform
301,8,8,18,4,4,0.18706170002405997,sahi_uniform
302,8,8,44,0,0,0.16252220000023954,sahi_uniform
303,8,8,60,24,24,0.26470380001410376,sahi_uniform
304,8,8,39,13,13,0.15273039999010507,sahi_uniform
305,8,8,50,25,25,0.15283139995881356,sahi_uniform
306,8,8,28,11,11,0.16453009998076595,sahi_uniform
307,8,8,31,12,12,0.15904630001750775,sahi_uniform
308,8,8,39,14,14,0.15634900001168717,sahi_uniform
309,8,8,32,8,8,0.1543354999885196,sahi_uniform
310,8,8,30,9,9,0.17134620003344025,sahi_uniform
311,8,8,25,7,7,0.1618974999873899,sahi_uniform
312,8,8,28,11,11,0.15124520000244956,sahi_uniform
313,8,8,28,6,6,0.15460299998812843,sahi_uniform
314,8,8,34,15,15,0.15476109999872278,sahi_uniform
315,8,8,37,15,15,0.1508307999902172,sahi_uniform
316,8,8,21,7,7,0.1601780999917537,sahi_uniform
317,8,8,36,20,20,0.15081239999562968,sahi_uniform
318,8,8,39,16,16,0.15137209999375045,sahi_uniform
319,8,8,33,11,11,0.15489690001413692,sahi_uniform
320,8,8,44,22,22,0.168276300013531,sahi_uniform
321,8,8,37,18,18,0.15661900000122841,sahi_uniform
322,8,8,53,36,36,0.15736890003609005,sahi_uniform
323,8,8,69,52,52,0.2298677999933716,sahi_uniform
324,8,8,53,37,37,0.20443670001986902,sahi_uniform
325,8,8,59,50,50,0.1882251999777509,sahi_uniform
326,8,8,68,48,48,0.19219620001967996,sahi_uniform
327,8,8,70,27,27,0.20316029999230523,sahi_uniform
328,8,8,52,27,27,0.18971760002023075,sahi_uniform
329,8,8,45,20,20,0.19552029996702913,sahi_uniform
330,8,8,48,23,23,0.1994941999873845,sahi_uniform
331,8,8,53,24,24,0.18798539995623287,sahi_uniform
332,8,8,75,51,51,0.17366840002068784,sahi_uniform
333,8,8,69,43,43,0.19163159998424817,sahi_uniform
334,8,8,66,37,37,0.21870030004356522,sahi_uniform
335,8,8,66,32,32,0.19678859997657128,sahi_uniform
336,8,8,58,33,33,0.19441150002239738,sahi_uniform
337,8,8,64,33,33,0.16781950001313817,sahi_uniform
338,8,8,68,48,48,0.1639590999984648,sahi_uniform
339,8,8,54,25,25,0.2093030999385519,sahi_uniform
340,8,8,29,7,7,0.1891672999772709,sahi_uniform
341,8,8,67,35,35,0.17334460001438856,sahi_uniform
342,8,8,145,127,127,0.17533149998052977,sahi_uniform
343,8,8,86,65,65,0.17273310001473874,sahi_uniform
344,8,8,138,116,116,0.18664519999583717,sahi_uniform
345,8,8,103,51,51,0.20126180001534522,sahi_uniform
346,8,8,123,92,92,0.19516490002570208,sahi_uniform
347,8,8,172,102,102,0.19118949999392498,sahi_uniform
348,8,8,109,78,78,0.17928840000240598,sahi_uniform
349,8,8,66,27,27,0.2094721000030404,sahi_uniform
350,8,8,95,37,37,0.18162280002434272,sahi_uniform
351,8,8,144,68,68,0.20534150002640672,sahi_uniform
352,8,8,122,58,58,0.2059008000214817,sahi_uniform
353,8,8,154,87,87,0.19980619999114424,sahi_uniform
354,8,8,201,151,151,0.20334329995966982,sahi_uniform
355,8,8,154,101,101,0.20154399998136796,sahi_uniform
356,8,8,89,40,40,0.19138659998134244,sahi_uniform
357,8,8,161,105,105,0.18371829997340683,sahi_uniform
358,8,8,89,39,39,0.19025379998493008,sahi_uniform
359,8,8,85,37,37,0.1946363000315614,sahi_uniform
360,8,8,100,43,43,0.2134045999700902,sahi_uniform
361,8,8,113,58,58,0.18921979998413008,sahi_uniform
362,8,8,180,124,124,0.19931389998237137,sahi_uniform
363,8,8,89,70,70,0.21316420001676306,sahi_uniform
364,8,8,108,94,94,0.1760847000114154,sahi_uniform
365,8,8,71,48,48,0.20125139996525832,sahi_uniform
366,8,8,173,153,153,0.2066317999997409,sahi_uniform
367,8,8,137,113,113,0.23532009999325965,sahi_uniform
368,8,8,219,195,195,0.24084320000838488,sahi_uniform
369,8,8,186,168,168,0.23177130000840407,sahi_uniform
370,8,8,179,163,163,0.21966419997625053,sahi_uniform
371,8,8,126,97,97,0.2280385999911232,sahi_uniform
372,8,8,269,232,232,0.22998620000726078,sahi_uniform
373,8,8,275,231,231,0.19553280000400264,sahi_uniform
374,8,8,161,105,105,0.21222090000810567,sahi_uniform
375,8,8,271,236,236,0.24291610000364017,sahi_uniform
376,8,8,189,157,157,0.21944990000338294,sahi_uniform
377,8,8,72,39,39,0.20210050001333002,sahi_uniform
378,8,8,155,104,104,0.20531279999704566,sahi_uniform
379,8,8,60,34,34,0.18103020000853576,sahi_uniform
380,8,8,74,48,48,0.2068751000042539,sahi_uniform
381,8,8,76,44,44,0.20415299998421688,sahi_uniform
382,8,8,53,38,38,0.20239849999779835,sahi_uniform
383,8,8,52,31,31,0.22455389999959152,sahi_uniform
384,8,8,70,52,52,0.17668380003306083,sahi_uniform
385,8,8,78,54,54,0.1715602000040235,sahi_uniform
386,8,8,85,34,34,0.19484169999486767,sahi_uniform
387,8,8,84,33,33,0.2289419999870006,sahi_uniform
388,8,8,48,20,20,0.20203499996569008,sahi_uniform
389,8,8,58,23,23,0.21954160001769196,sahi_uniform
390,8,8,59,25,25,0.21027590001176577,sahi_uniform
391,8,8,61,26,26,0.23078210001403932,sahi_uniform
392,8,8,59,24,24,0.21858670002256986,sahi_uniform
393,8,8,63,34,34,0.24469340000359807,sahi_uniform
394,8,8,78,72,72,0.18817450002825353,sahi_uniform
395,8,8,148,139,139,0.19564440003887285,sahi_uniform
396,8,8,5,4,4,0.1875496999855386,sahi_uniform
397,8,8,81,68,68,0.18700859999808017,sahi_uniform
398,8,8,44,38,38,0.1966388000000734,sahi_uniform
399,8,8,36,26,26,0.21764179998717736,sahi_uniform
400,8,8,22,11,11,0.22357560001546517,sahi_uniform
401,8,8,28,23,23,0.2263684000208741,sahi_uniform
402,8,8,22,17,17,0.21631659999547992,sahi_uniform
403,8,8,11,7,7,0.2144959999859566,sahi_uniform
404,8,8,37,22,22,0.22741690003022086,sahi_uniform
405,8,8,29,17,17,0.22641790000488982,sahi_uniform
406,8,8,26,16,16,0.20441379999101628,sahi_uniform
407,8,8,6,1,1,0.2138688999984879,sahi_uniform
408,8,8,7,3,3,0.21985059998405632,sahi_uniform
409,8,8,7,2,2,0.17005179999978282,sahi_uniform
410,8,8,83,66,66,0.1676597000041511,sahi_uniform
411,8,8,55,35,35,0.1716273999918485,sahi_uniform
412,8,8,54,34,34,0.16971130002639256,sahi_uniform
413,8,8,56,33,33,0.17623820001608692,sahi_uniform
414,8,8,67,43,43,0.18899550000787713,sahi_uniform
415,8,8,72,47,47,0.1743554999557091,sahi_uniform
416,8,8,71,42,42,0.16573520000383724,sahi_uniform
417,8,8,59,27,27,0.212458299996797,sahi_uniform
418,8,8,78,59,59,0.24686929999734275,sahi_uniform
419,8,8,51,34,34,0.21609270002227277,sahi_uniform
420,8,8,52,39,39,0.2099237000074936,sahi_uniform
421,8,8,63,41,41,0.20827880001161247,sahi_uniform
422,8,8,66,48,48,0.20915100003185216,sahi_uniform
423,8,8,93,74,74,0.20718579999811482,sahi_uniform
424,8,8,64,48,48,0.2056709000025876,sahi_uniform
425,8,8,54,41,41,0.204504800029099,sahi_uniform
426,8,8,93,75,75,0.20717179996427149,sahi_uniform
427,8,8,111,93,93,0.2114792000502348,sahi_uniform
428,8,8,88,67,67,0.21440199996868614,sahi_uniform
429,8,8,74,50,50,0.2031037999986438,sahi_uniform
430,8,8,117,90,90,0.18453109999245498,sahi_uniform
431,8,8,98,78,78,0.20073240000056103,sahi_uniform
432,8,8,87,68,68,0.20302740001352504,sahi_uniform
433,8,8,76,50,50,0.23056359998008702,sahi_uniform
434,8,8,86,62,62,0.35812580000492744,sahi_uniform
435,8,8,94,66,66,0.3367850000213366,sahi_uniform
436,8,8,118,82,82,11.596636299975216,sahi_uniform
437,8,8,80,59,59,0.41929800002253614,sahi_uniform
438,8,8,50,27,27,0.7050623999821255,sahi_uniform
439,8,8,51,31,31,0.6737018000130774,sahi_uniform
440,8,8,38,21,21,0.42881780001334846,sahi_uniform
441,8,8,35,20,20,0.31138360001205,sahi_uniform
442,8,8,38,24,24,0.2807519000052707,sahi_uniform
443,8,8,57,23,23,0.2655724000214832,sahi_uniform
444,8,8,25,6,6,0.2481623000203399,sahi_uniform
445,8,8,97,69,69,0.26869639998767525,sahi_uniform
446,8,8,29,16,16,0.25643459999992047,sahi_uniform
447,8,8,45,33,33,0.261647899998934,sahi_uniform
448,8,8,61,28,28,0.24236809999274556,sahi_uniform
449,8,8,81,45,45,0.43063919999985956,sahi_uniform
450,8,8,53,24,24,0.3107670000026701,sahi_uniform
451,8,8,50,13,13,0.27171329998236615,sahi_uniform
452,8,8,59,30,30,0.2584221000142861,sahi_uniform
453,8,8,73,46,46,0.2360595999925863,sahi_uniform
454,8,8,44,27,27,0.242019800003618,sahi_uniform
455,8,8,37,16,16,0.267610800001421,sahi_uniform
456,8,8,34,18,18,0.24301020002167206,sahi_uniform
457,8,8,53,23,23,0.24142209997808095,sahi_uniform
458,8,8,74,34,34,0.2344164999667555,sahi_uniform
459,8,8,72,38,38,0.19758569996338338,sahi_uniform
460,8,8,31,13,13,0.17517629999201745,sahi_uniform
461,8,8,27,15,15,0.1969583999743918,sahi_uniform
462,8,8,25,10,10,0.24454359998344444,sahi_uniform
463,8,8,19,6,6,0.21241510001709685,sahi_uniform
464,8,8,27,19,19,0.21568709997518454,sahi_uniform
465,8,8,68,64,64,0.21583189998636954,sahi_uniform
466,8,8,52,39,39,0.19066629999724682,sahi_uniform
467,8,8,53,40,40,0.18356609999318607,sahi_uniform
468,8,8,65,49,49,0.16288210001948755,sahi_uniform
469,8,8,71,60,60,0.18013359999167733,sahi_uniform
470,8,8,76,64,64,0.17414420000568498,sahi_uniform
471,8,8,83,64,64,0.9772007000283338,sahi_uniform
472,8,8,32,13,13,0.2764399999723537,sahi_uniform
473,8,8,24,3,3,0.32630209998751525,sahi_uniform
474,8,8,38,7,7,0.2401001999678556,sahi_uniform
475,8,8,26,5,5,0.2138563999760663,sahi_uniform
476,8,8,35,15,15,0.2084675000369316,sahi_uniform
477,8,8,17,6,6,0.2242907999898307,sahi_uniform
478,8,8,14,1,1,0.20992030001070816,sahi_uniform
479,8,8,7,3,3,0.33617789998243097,sahi_uniform
480,8,8,18,3,3,0.49945979997573886,sahi_uniform
481,8,8,19,6,6,0.18895759999577422,sahi_uniform
482,8,8,111,93,93,0.20412770000984892,sahi_uniform
483,8,8,84,68,68,0.24959379999199882,sahi_uniform
484,8,8,72,30,30,0.23453950000111945,sahi_uniform
485,8,8,61,35,35,0.19432709997636266,sahi_uniform
486,8,8,50,19,19,0.18648210000537802,sahi_uniform
487,8,8,41,16,16,0.18658429996867198,sahi_uniform
488,8,8,76,45,45,0.21000140000251122,sahi_uniform
489,8,8,27,23,23,0.32209009998769034,sahi_uniform
490,8,8,12,4,4,0.2473638999799732,sahi_uniform
491,8,8,96,71,71,0.2651264999585692,sahi_uniform
492,8,8,74,48,48,0.18771740001102444,sahi_uniform
493,8,8,83,61,61,0.19494240001949947,sahi_uniform
494,8,8,70,44,44,0.1771296000079019,sahi_uniform
495,8,8,75,51,51,0.24153390001447406,sahi_uniform
496,8,8,46,22,22,0.20755769999232143,sahi_uniform
497,8,8,71,50,50,0.22241269999358337,sahi_uniform
498,8,8,70,51,51,0.19819350000761915,sahi_uniform
499,8,8,79,65,65,0.1765851000091061,sahi_uniform
500,8,8,65,46,46,0.16411630000220612,sahi_uniform
501,8,8,63,36,36,0.16355369999655522,sahi_uniform
502,8,8,66,40,40,0.1894927999819629,sahi_uniform
503,8,8,60,41,41,0.17058099998394027,sahi_uniform
504,8,8,57,38,38,0.17515380000986625,sahi_uniform
505,8,8,77,54,54,0.17988900000636932,sahi_uniform
506,8,8,61,46,46,0.17190249999111984,sahi_uniform
507,8,8,77,60,60,0.1644017999933567,sahi_uniform
508,8,8,71,54,54,0.19208999998227227,sahi_uniform
509,8,8,80,61,61,0.18096060000243597,sahi_uniform
510,8,8,30,18,18,0.17407360002107453,sahi_uniform
511,8,8,30,15,15,0.17229899999802,sahi_uniform
512,8,8,26,6,6,0.17283639997185674,sahi_uniform
513,8,8,29,6,6,0.18569590002880432,sahi_uniform
514,8,8,57,19,19,0.17912330004037358,sahi_uniform
515,8,8,12,0,0,0.17487099999561906,sahi_uniform
516,8,8,17,0,0,0.16315279999980703,sahi_uniform
517,8,8,31,25,25,0.18232640001224354,sahi_uniform
518,8,8,19,6,6,0.1798980999737978,sahi_uniform
519,8,8,10,2,2,0.16508140000223648,sahi_uniform
520,8,8,11,0,0,0.20463440001185518,sahi_uniform
521,8,8,57,35,35,0.19174559999373741,sahi_uniform
522,8,8,51,29,29,0.24325729999691248,sahi_uniform
523,8,8,55,28,28,0.19615090001025237,sahi_uniform
524,8,8,42,18,18,0.20195289998082444,sahi_uniform
525,8,8,38,17,17,0.20184369999333285,sahi_uniform
526,8,8,43,19,19,0.20951079999213107,sahi_uniform
527,8,8,56,25,25,0.20386549997783732,sahi_uniform
528,8,8,62,37,37,0.20773849997203797,sahi_uniform
529,8,8,31,7,7,0.19596159998036455,sahi_uniform
530,8,8,42,20,20,0.1884730000165291,sahi_uniform
531,8,8,46,28,28,0.20189259998733178,sahi_uniform
532,8,8,23,13,13,0.21000439998169895,sahi_uniform
533,8,8,40,27,27,0.2020864999794867,sahi_uniform
534,8,8,14,1,1,0.21132049997686408,sahi_uniform
535,8,8,6,0,0,0.1878395000094315,sahi_uniform
536,8,8,55,36,36,0.20197590001043864,sahi_uniform
537,8,8,51,12,12,0.2123126000224147,sahi_uniform
538,8,8,15,4,4,0.2029385000205366,sahi_uniform
539,8,8,41,10,10,0.17447879999235738,sahi_uniform
540,8,8,19,1,1,0.18579400001908652,sahi_uniform
541,8,8,11,2,2,0.1874614999978803,sahi_uniform
542,8,8,21,3,3,0.18525579999550246,sahi_uniform
543,8,8,16,0,0,0.19587469998805318,sahi_uniform
544,6,6,34,31,31,0.16292979997524526,sahi_uniform
545,6,6,52,39,39,0.15009209998243023,sahi_uniform
546,6,6,36,30,30,0.3047997999965446,sahi_uniform
547,6,6,56,51,51,0.1750356999837095,sahi_uniform
548,6,6,57,47,47,0.15025110004353337,sahi_uniform
1,15,3,56,42,40,0.11697259999345988,glance[det+edge]@0.9
2,15,4,46,29,28,0.1099780000076862,glance[det+edge]@0.9
3,15,4,27,18,13,0.11228619999019429,glance[det+edge]@0.9
4,15,5,60,48,40,0.13293510001676623,glance[det+edge]@0.9
5,15,9,86,7,6,0.21474909999233205,glance[det+edge]@0.9
6,15,14,95,23,23,0.2960130000137724,glance[det+edge]@0.9
7,15,9,91,50,50,0.2107285999954911,glance[det+edge]@0.9
8,15,8,88,73,61,0.18001329999242444,glance[det+edge]@0.9
9,15,9,108,76,66,0.19810679998772684,glance[det+edge]@0.9
10,6,6,21,18,18,0.15999639997608028,glance[det+edge]@0.9
11,6,6,10,10,10,0.1556426999741234,glance[det+edge]@0.9
12,6,4,4,4,4,0.113470199983567,glance[det+edge]@0.9
13,6,6,33,27,27,0.14302089998091105,glance[det+edge]@0.9
14,6,6,25,18,18,0.12966919998871163,glance[det+edge]@0.9
15,6,6,13,4,4,0.13847479998366907,glance[det+edge]@0.9
16,6,6,10,0,0,0.15540150001470465,glance[det+edge]@0.9
17,6,6,30,26,26,0.14809570003126282,glance[det+edge]@0.9
18,6,6,21,20,20,0.14681430003838614,glance[det+edge]@0.9
19,6,6,15,4,4,0.14839560001564678,glance[det+edge]@0.9
20,6,4,12,0,0,0.12351089998264797,glance[det+edge]@0.9
21,6,6,15,6,6,0.14000270000542514,glance[det+edge]@0.9
22,6,6,7,1,1,0.13200050000159536,glance[det+edge]@0.9
23,6,6,10,10,10,0.12983279998297803,glance[det+edge]@0.9
24,6,6,7,1,1,0.14161049999529496,glance[det+edge]@0.9
25,8,7,8,0,0,0.16922019996854942,glance[det+edge]@0.9
26,8,8,15,1,1,0.16375570000673179,glance[det+edge]@0.9
27,8,8,21,2,2,0.18477960002201144,glance[det+edge]@0.9
28,8,7,10,0,0,0.16054949998215307,glance[det+edge]@0.9
29,8,4,9,0,0,0.09655719999864232,glance[det+edge]@0.9
30,8,6,16,9,9,0.13606290001189336,glance[det+edge]@0.9
31,8,4,12,0,0,0.10834499998600222,glance[det+edge]@0.9
32,8,6,22,1,1,0.128853700007312,glance[det+edge]@0.9
33,8,7,13,0,0,0.15753810000023805,glance[det+edge]@0.9
34,8,7,43,21,21,0.18919599999208003,glance[det+edge]@0.9
35,8,6,37,9,9,0.1536498999921605,glance[det+edge]@0.9
36,6,6,85,54,54,0.1574823000410106,glance[det+edge]@0.9
37,6,6,69,44,44,0.144212300030631,glance[det+edge]@0.9
38,8,8,25,5,5,0.17331760002707597,glance[det+edge]@0.9
39,8,7,26,5,5,0.1594671000057133,glance[det+edge]@0.9
40,8,8,45,19,19,0.17754230002174154,glance[det+edge]@0.9
41,8,4,26,5,5,0.10724199998367112,glance[det+edge]@0.9
42,8,7,35,12,12,0.16481009997369256,glance[det+edge]@0.9
43,8,7,43,14,14,0.16737989998364355,glance[det+edge]@0.9
44,8,8,63,28,28,0.17250990003230982,glance[det+edge]@0.9
45,8,8,70,21,21,0.1891353999671992,glance[det+edge]@0.9
46,8,4,11,4,4,0.11571760001243092,glance[det+edge]@0.9
47,6,6,83,71,71,0.1471515999728581,glance[det+edge]@0.9
48,6,6,35,19,19,0.1286553000099957,glance[det+edge]@0.9
49,6,6,63,39,39,0.13370609999401495,glance[det+edge]@0.9
50,6,6,144,130,130,0.13432530000864062,glance[det+edge]@0.9
51,6,6,103,92,92,0.1326841999834869,glance[det+edge]@0.9
52,6,6,167,158,158,0.13672819997009356,glance[det+edge]@0.9
53,8,1,1,0,0,0.0499112000252353,glance[det+edge]@0.9
54,8,1,3,0,0,0.054625400007353164,glance[det+edge]@0.9
55,8,8,4,0,0,0.17759450002631638,glance[det+edge]@0.9
56,8,3,5,0,0,0.08399469997675624,glance[det+edge]@0.9
57,8,4,5,0,0,0.12093760000425391,glance[det+edge]@0.9
58,8,5,4,0,0,0.11493240001436789,glance[det+edge]@0.9
59,8,4,3,0,0,0.10561529998085462,glance[det+edge]@0.9
60,8,2,4,0,0,0.07590280001750216,glance[det+edge]@0.9
61,8,0,2,0,0,0.03237380001519341,glance[det+edge]@0.9
62,8,0,1,0,0,0.02996250000433065,glance[det+edge]@0.9
63,6,6,45,40,40,0.1494146000186447,glance[det+edge]@0.9
64,6,6,60,51,51,0.14815959996485617,glance[det+edge]@0.9
65,6,6,40,33,33,0.13616860001638997,glance[det+edge]@0.9
66,6,6,51,47,47,0.13257160001376178,glance[det+edge]@0.9
67,6,6,26,17,17,0.1417947999871103,glance[det+edge]@0.9
68,6,6,45,38,38,0.1508596000057878,glance[det+edge]@0.9
69,6,6,40,34,34,0.1387477999960538,glance[det+edge]@0.9
70,8,8,119,106,106,0.2052891999919666,glance[det+edge]@0.9
71,8,8,59,34,34,0.20011279998288956,glance[det+edge]@0.9
72,8,7,42,25,25,0.16178119998949114,glance[det+edge]@0.9
73,8,8,92,60,60,0.19736769997689407,glance[det+edge]@0.9
74,8,8,22,7,7,0.17722889994911384,glance[det+edge]@0.9
75,15,2,162,50,1,0.07867289999558125,glance[det+edge]@0.9
76,6,6,39,32,32,0.13589740001771133,glance[det+edge]@0.9
77,6,6,34,24,24,0.14047050001681782,glance[det+edge]@0.9
78,6,6,27,21,21,0.13087830001313705,glance[det+edge]@0.9
79,6,6,38,38,38,0.13454319999436848,glance[det+edge]@0.9
80,6,6,41,36,36,0.14040569997450802,glance[det+edge]@0.9
81,6,6,28,25,25,0.14961509997374378,glance[det+edge]@0.9
82,6,6,33,26,26,0.13754959998186678,glance[det+edge]@0.9
83,6,6,33,28,28,0.13654319998749997,glance[det+edge]@0.9
84,6,6,48,44,44,0.130634100001771,glance[det+edge]@0.9
85,6,6,45,42,42,0.13275699999940116,glance[det+edge]@0.9
86,6,6,64,53,53,0.1316633999667829,glance[det+edge]@0.9
87,6,6,52,47,47,0.13900589996774215,glance[det+edge]@0.9
88,6,6,60,43,43,0.13760570003069006,glance[det+edge]@0.9
89,6,6,76,63,63,0.13744779999251477,glance[det+edge]@0.9
90,6,6,65,53,53,0.14637829999264795,glance[det+edge]@0.9
91,6,6,51,45,45,0.1535888999933377,glance[det+edge]@0.9
92,6,6,40,35,35,0.13823939999565482,glance[det+edge]@0.9
93,6,6,36,31,31,0.15129979998164345,glance[det+edge]@0.9
94,6,6,24,18,18,0.1448588000057498,glance[det+edge]@0.9
95,6,6,29,25,25,0.1496552999888081,glance[det+edge]@0.9
96,6,6,23,18,18,0.13707279998925515,glance[det+edge]@0.9
97,6,6,36,29,29,0.13766069999837782,glance[det+edge]@0.9
98,6,6,51,44,44,0.1477275999786798,glance[det+edge]@0.9
99,6,6,36,31,31,0.13734099997964222,glance[det+edge]@0.9
100,15,4,19,8,8,0.11273940000683069,glance[det+edge]@0.9
101,15,6,50,11,11,0.17584850001730956,glance[det+edge]@0.9
102,6,6,40,33,33,0.16416230003233068,glance[det+edge]@0.9
103,6,6,51,44,44,0.1917749999993248,glance[det+edge]@0.9
104,6,6,74,64,64,0.1399309000262292,glance[det+edge]@0.9
105,6,6,59,53,53,0.13989570002013352,glance[det+edge]@0.9
106,6,6,47,44,44,0.16615220002131537,glance[det+edge]@0.9
107,6,6,41,40,40,0.1455605000082869,glance[det+edge]@0.9
108,6,4,24,24,23,0.11137380001309793,glance[det+edge]@0.9
109,6,6,26,26,26,0.13142460004019085,glance[det+edge]@0.9
110,6,6,21,21,21,0.13177570000698324,glance[det+edge]@0.9
111,6,6,34,32,32,0.15604420001909602,glance[det+edge]@0.9
112,6,6,45,40,40,0.13814180000917986,glance[det+edge]@0.9
113,6,6,88,83,83,0.1375700000062352,glance[det+edge]@0.9
114,6,6,50,46,46,0.15088839999225456,glance[det+edge]@0.9
115,6,6,36,26,26,0.13198400000692345,glance[det+edge]@0.9
116,6,6,22,17,17,0.14524610002990812,glance[det+edge]@0.9
117,6,6,16,11,11,0.13841869999305345,glance[det+edge]@0.9
118,15,5,43,38,38,0.13002339999366086,glance[det+edge]@0.9
119,6,6,13,4,4,0.142441299976781,glance[det+edge]@0.9
120,8,4,82,74,74,0.12133769999491051,glance[det+edge]@0.9
121,8,8,79,50,50,0.17724980000639334,glance[det+edge]@0.9
122,8,8,89,53,53,0.17829680000431836,glance[det+edge]@0.9
123,8,8,130,81,81,0.18419970003014896,glance[det+edge]@0.9
124,8,8,92,50,50,0.19775199997820891,glance[det+edge]@0.9
125,8,8,120,85,85,0.18897800000559073,glance[det+edge]@0.9
126,8,8,118,84,84,0.1797517999802949,glance[det+edge]@0.9
127,8,8,79,43,43,0.2483718999865232,glance[det+edge]@0.9
128,8,8,140,118,118,0.20465629998943768,glance[det+edge]@0.9
129,8,6,52,16,16,0.164600199990673,glance[det+edge]@0.9
130,8,8,67,33,33,0.1830884000082733,glance[det+edge]@0.9
131,8,7,45,19,19,0.16793300001882017,glance[det+edge]@0.9
132,8,6,63,39,17,0.16945519999717362,glance[det+edge]@0.9
133,8,7,80,51,51,0.1606731000065338,glance[det+edge]@0.9
134,8,8,72,41,41,0.21893399996042717,glance[det+edge]@0.9
135,8,8,43,14,14,0.23500730002706405,glance[det+edge]@0.9
136,8,6,22,12,12,0.1464519000001019,glance[det+edge]@0.9
137,8,0,82,51,0,0.03319790001842193,glance[det+edge]@0.9
138,15,5,31,21,21,0.15263659997435752,glance[det+edge]@0.9
139,15,6,59,36,33,0.17698180000297725,glance[det+edge]@0.9
140,6,4,11,9,9,0.11613940000825096,glance[det+edge]@0.9
141,6,6,33,24,24,0.1315240000403719,glance[det+edge]@0.9
142,6,6,37,30,30,0.16593719997035805,glance[det+edge]@0.9
143,6,6,40,34,34,0.15917979998630472,glance[det+edge]@0.9
144,6,2,2,0,0,0.08619590000307653,glance[det+edge]@0.9
145,6,6,7,1,1,0.1425726999732433,glance[det+edge]@0.9
146,6,6,60,55,55,0.13954970000486355,glance[det+edge]@0.9
147,6,6,57,40,40,0.1377039000071818,glance[det+edge]@0.9
148,6,6,43,42,42,0.13000620000821073,glance[det+edge]@0.9
149,6,6,26,22,22,0.1377138999669114,glance[det+edge]@0.9
150,6,6,27,18,18,0.1528975000110222,glance[det+edge]@0.9
151,6,2,5,2,2,0.06391780001285952,glance[det+edge]@0.9
152,6,6,29,18,18,0.15856999999959953,glance[det+edge]@0.9
153,6,2,6,4,3,0.06805630000599194,glance[det+edge]@0.9
154,6,6,22,10,10,0.13687329999811482,glance[det+edge]@0.9
155,6,6,23,22,22,0.14972159996978007,glance[det+edge]@0.9
156,6,6,20,18,18,0.16965870000422,glance[det+edge]@0.9
157,6,6,37,36,36,0.14666779999970458,glance[det+edge]@0.9
158,6,2,10,8,8,0.08408200001576915,glance[det+edge]@0.9
159,6,6,36,31,31,0.13991850000456907,glance[det+edge]@0.9
160,6,6,24,22,22,0.13790709998284,glance[det+edge]@0.9
161,6,6,94,86,86,0.24840880000556353,glance[det+edge]@0.9
162,6,6,57,56,56,0.152023000002373,glance[det+edge]@0.9
163,6,6,112,105,105,0.15489729998807888,glance[det+edge]@0.9
164,6,6,93,82,82,0.14027750001696404,glance[det+edge]@0.9
165,6,6,33,28,28,0.13441789995704312,glance[det+edge]@0.9
166,6,6,120,107,107,0.15187720001267735,glance[det+edge]@0.9
167,6,6,46,33,33,0.15201480001269374,glance[det+edge]@0.9
168,6,6,78,61,61,0.14806650001264643,glance[det+edge]@0.9
169,6,6,90,63,63,0.13882189999276306,glance[det+edge]@0.9
170,6,6,79,67,67,0.1366116000135662,glance[det+edge]@0.9
171,6,6,60,59,59,0.13218109996523708,glance[det+edge]@0.9
172,6,0,44,44,0,0.028994299995247275,glance[det+edge]@0.9
173,6,6,76,68,68,0.15090500001679175,glance[det+edge]@0.9
174,6,6,66,53,53,0.1524397999746725,glance[det+edge]@0.9
175,6,6,40,37,37,0.16072600000188686,glance[det+edge]@0.9
176,6,6,19,16,16,0.1377547999873059,glance[det+edge]@0.9
177,6,6,44,29,29,0.16377689997898415,glance[det+edge]@0.9
178,6,6,71,62,62,0.15238260000478476,glance[det+edge]@0.9
179,6,6,51,46,46,0.18292180002026726,glance[det+edge]@0.9
180,6,4,14,8,8,0.10627809999277815,glance[det+edge]@0.9
181,6,6,77,66,66,0.16188630000397097,glance[det+edge]@0.9
182,6,6,78,66,66,0.15557130001252517,glance[det+edge]@0.9
183,6,6,72,60,60,0.14485469997453038,glance[det+edge]@0.9
184,6,0,96,96,0,0.02750740002375096,glance[det+edge]@0.9
185,8,8,84,70,70,0.20699980002245866,glance[det+edge]@0.9
186,8,6,42,24,24,0.14231710000603925,glance[det+edge]@0.9
187,8,8,16,5,5,0.18080789998930413,glance[det+edge]@0.9
188,8,5,111,90,90,0.14891030002036132,glance[det+edge]@0.9
189,8,8,47,27,27,0.19689470001321752,glance[det+edge]@0.9
190,8,7,85,66,66,0.24330819999158848,glance[det+edge]@0.9
191,8,7,32,18,18,0.21385809997445904,glance[det+edge]@0.9
192,8,8,48,31,31,0.21744579999358393,glance[det+edge]@0.9
193,8,6,19,11,11,0.15666979999514297,glance[det+edge]@0.9
194,8,8,53,39,39,0.2203039999876637,glance[det+edge]@0.9
195,8,8,54,41,41,0.242261800027336,glance[det+edge]@0.9
196,8,8,39,23,23,0.20499269997526426,glance[det+edge]@0.9
197,8,6,45,32,32,0.14328330001444556,glance[det+edge]@0.9
198,8,4,40,29,28,0.10309470002539456,glance[det+edge]@0.9
199,8,8,69,45,45,0.22065209997526836,glance[det+edge]@0.9
200,8,8,66,39,39,0.18415500002447516,glance[det+edge]@0.9
201,8,7,46,34,34,0.18011510002543218,glance[det+edge]@0.9
202,8,8,48,33,33,0.17763079998258036,glance[det+edge]@0.9
203,8,8,63,43,43,0.17835380000178702,glance[det+edge]@0.9
204,8,5,38,25,23,0.14077489999181125,glance[det+edge]@0.9
205,8,6,59,47,47,0.1870781000034185,glance[det+edge]@0.9
206,8,8,47,26,26,0.21241740000550635,glance[det+edge]@0.9
207,8,8,65,46,46,0.21299930001259781,glance[det+edge]@0.9
208,8,8,72,54,54,0.23418810000293888,glance[det+edge]@0.9
209,8,8,92,54,54,0.22730520000914112,glance[det+edge]@0.9
210,8,8,124,73,73,0.23490060001495294,glance[det+edge]@0.9
211,8,8,116,75,75,0.22164960000372957,glance[det+edge]@0.9
212,8,8,111,63,63,0.23228890003520064,glance[det+edge]@0.9
213,8,8,98,35,35,0.2209939000022132,glance[det+edge]@0.9
214,8,8,75,26,26,0.22366679999686312,glance[det+edge]@0.9
215,8,8,48,33,33,0.2205211999535095,glance[det+edge]@0.9
216,8,3,20,18,14,0.12005320000753272,glance[det+edge]@0.9
217,8,6,36,13,13,0.21690939999825787,glance[det+edge]@0.9
218,8,4,32,7,7,0.13796750002074987,glance[det+edge]@0.9
219,8,7,53,41,41,0.2237844000046607,glance[det+edge]@0.9
220,8,6,59,48,48,0.18032279999169987,glance[det+edge]@0.9
221,8,6,35,27,27,0.1718558000138728,glance[det+edge]@0.9
222,8,4,40,29,25,0.13349020002351608,glance[det+edge]@0.9
223,8,5,29,20,20,0.1676869000075385,glance[det+edge]@0.9
224,8,4,24,17,17,0.15348970000923146,glance[det+edge]@0.9
225,8,2,21,19,19,0.10209170001326129,glance[det+edge]@0.9
226,8,1,15,15,10,0.063049200020032,glance[det+edge]@0.9
227,8,8,40,28,28,0.2146799999754876,glance[det+edge]@0.9
228,8,2,47,39,37,0.09093960000609513,glance[det+edge]@0.9
229,8,4,32,26,25,0.15700990002369508,glance[det+edge]@0.9
230,8,3,34,29,29,0.09934330001124181,glance[det+edge]@0.9
231,8,4,35,27,26,0.11968220000562724,glance[det+edge]@0.9
232,8,6,60,54,54,0.15128599997842684,glance[det+edge]@0.9
233,8,6,60,53,52,0.19725719996495172,glance[det+edge]@0.9
234,8,6,44,34,34,0.17851780002820306,glance[det+edge]@0.9
235,8,7,64,42,33,0.2577125999814598,glance[det+edge]@0.9
236,8,4,54,40,40,0.15436470000713598,glance[det+edge]@0.9
237,8,7,58,25,25,0.2379772999411216,glance[det+edge]@0.9
238,8,5,40,5,5,0.16226039997127373,glance[det+edge]@0.9
239,8,1,10,8,0,0.06655539998610038,glance[det+edge]@0.9
240,8,0,9,5,0,0.04689379999763332,glance[det+edge]@0.9
241,8,1,7,5,1,0.0674390000058338,glance[det+edge]@0.9
242,8,1,6,3,0,0.07455379999009892,glance[det+edge]@0.9
243,8,0,8,8,0,0.04776619999029208,glance[det+edge]@0.9
244,8,0,6,6,0,0.04216440000163857,glance[det+edge]@0.9
245,8,0,14,12,0,0.03985229998943396,glance[det+edge]@0.9
246,8,4,69,50,50,0.11346329998923466,glance[det+edge]@0.9
247,8,8,72,40,40,0.2009711000137031,glance[det+edge]@0.9
248,8,6,92,69,56,0.13161400001263246,glance[det+edge]@0.9
249,8,8,64,32,32,0.1778428999823518,glance[det+edge]@0.9
250,8,8,65,35,35,0.18109670002013445,glance[det+edge]@0.9
251,8,8,91,55,55,0.170350599946687,glance[det+edge]@0.9
252,8,8,74,30,30,0.18144429997482803,glance[det+edge]@0.9
253,8,7,60,26,26,0.16416640000534244,glance[det+edge]@0.9
254,8,7,80,53,53,0.16011949999665376,glance[det+edge]@0.9
255,8,8,104,79,79,0.17498239999986254,glance[det+edge]@0.9
256,8,8,76,52,52,0.17054110001481604,glance[det+edge]@0.9
257,8,8,86,59,59,0.16600030002882704,glance[det+edge]@0.9
258,8,8,56,23,23,0.17220780000207014,glance[det+edge]@0.9
259,8,7,71,49,49,0.1701967999979388,glance[det+edge]@0.9
260,8,8,59,34,34,0.17068579999613576,glance[det+edge]@0.9
261,8,8,60,27,27,0.1667550999991363,glance[det+edge]@0.9
262,8,8,86,56,56,0.17376860001240857,glance[det+edge]@0.9
263,8,8,89,57,57,0.18193560003419407,glance[det+edge]@0.9
264,8,8,68,49,49,0.18647289997898042,glance[det+edge]@0.9
265,8,8,36,14,14,0.5421068999712588,glance[det+edge]@0.9
266,8,7,49,31,31,0.16371719999006018,glance[det+edge]@0.9
267,8,8,60,47,47,0.2045339999604039,glance[det+edge]@0.9
268,8,8,58,38,38,0.17094389999692794,glance[det+edge]@0.9
269,8,8,108,89,89,0.16042209998704493,glance[det+edge]@0.9
270,8,8,119,86,86,0.1660210999980336,glance[det+edge]@0.9
271,8,8,104,69,69,0.19448640001064632,glance[det+edge]@0.9
272,8,8,98,66,66,0.17384460000903346,glance[det+edge]@0.9
273,8,8,82,64,64,0.1774026999482885,glance[det+edge]@0.9
274,8,8,61,40,40,0.16531800001394004,glance[det+edge]@0.9
275,8,8,73,50,50,0.17203380000137258,glance[det+edge]@0.9
276,8,8,83,59,59,0.17317219998221844,glance[det+edge]@0.9
277,8,8,64,40,40,0.19697969997650944,glance[det+edge]@0.9
278,8,6,47,25,25,0.13025829999241978,glance[det+edge]@0.9
279,8,8,68,45,45,0.17611169996962417,glance[det+edge]@0.9
280,8,8,67,40,40,0.16860970000561792,glance[det+edge]@0.9
281,8,8,69,43,43,0.17685080000956077,glance[det+edge]@0.9
282,15,2,6,1,0,0.07153079999261536,glance[det+edge]@0.9
283,15,0,9,7,0,0.037746100017102435,glance[det+edge]@0.9
284,15,0,8,7,0,0.03955620000488125,glance[det+edge]@0.9
285,15,1,4,0,0,0.05309560000023339,glance[det+edge]@0.9
286,8,7,42,28,28,0.14747389999683946,glance[det+edge]@0.9
287,8,8,39,20,20,0.1768881000316469,glance[det+edge]@0.9
288,8,8,41,20,20,0.16059150001092348,glance[det+edge]@0.9
289,8,8,79,63,63,0.19520129999727942,glance[det+edge]@0.9
290,8,8,48,27,27,0.16615969999111257,glance[det+edge]@0.9
291,8,6,60,40,40,0.1306023000215646,glance[det+edge]@0.9
292,8,6,57,40,40,0.13682980004523415,glance[det+edge]@0.9
293,8,5,61,41,41,0.11127979999582749,glance[det+edge]@0.9
294,8,6,57,43,43,0.12882450004690327,glance[det+edge]@0.9
295,8,8,49,35,35,0.1580889999604551,glance[det+edge]@0.9
296,8,7,35,19,19,0.14634159998968244,glance[det+edge]@0.9
297,8,4,20,9,4,0.09558800001104828,glance[det+edge]@0.9
298,8,4,16,5,5,0.09598609998647589,glance[det+edge]@0.9
299,8,5,31,12,5,0.11157300003105775,glance[det+edge]@0.9
300,8,8,38,11,11,0.16015589999733493,glance[det+edge]@0.9
301,8,0,18,4,0,0.0391644999908749,glance[det+edge]@0.9
302,8,4,44,0,0,0.10810440001660027,glance[det+edge]@0.9
303,8,4,60,24,8,0.10818850000214297,glance[det+edge]@0.9
304,8,2,39,13,3,0.06397950000246055,glance[det+edge]@0.9
305,8,1,50,25,7,0.04543389999889769,glance[det+edge]@0.9
306,8,5,28,11,11,0.1242911000008462,glance[det+edge]@0.9
307,8,6,31,12,12,0.1285325000062585,glance[det+edge]@0.9
308,8,5,39,14,14,0.1158175000018673,glance[det+edge]@0.9
309,8,5,32,8,8,0.11636169998382684,glance[det+edge]@0.9
310,8,6,30,9,9,0.14391590001469012,glance[det+edge]@0.9
311,8,6,25,7,7,0.13691929998458363,glance[det+edge]@0.9
312,8,6,28,11,11,0.12834480000310577,glance[det+edge]@0.9
313,8,5,28,6,6,0.11513119998562615,glance[det+edge]@0.9
314,8,6,34,15,15,0.12912640000286046,glance[det+edge]@0.9
315,8,3,37,15,12,0.07973579999816138,glance[det+edge]@0.9
316,8,6,21,7,6,0.1355866999947466,glance[det+edge]@0.9
317,8,5,36,20,20,0.11045139998896047,glance[det+edge]@0.9
318,8,8,39,16,16,0.15973459999077022,glance[det+edge]@0.9
319,8,8,33,11,11,0.1630590000131633,glance[det+edge]@0.9
320,8,8,44,22,22,0.17624920001253486,glance[det+edge]@0.9
321,8,6,37,18,18,0.13256209998507984,glance[det+edge]@0.9
322,8,6,53,36,36,0.13282750004145782,glance[det+edge]@0.9
323,8,6,69,52,52,0.1988623999786796,glance[det+edge]@0.9
324,8,8,53,37,37,0.21561430001747794,glance[det+edge]@0.9
325,8,7,59,50,50,0.17815189996326808,glance[det+edge]@0.9
326,8,8,68,48,48,0.20122090002405457,glance[det+edge]@0.9
327,8,8,70,27,27,0.21314490000077058,glance[det+edge]@0.9
328,8,7,52,27,27,0.18017750002036337,glance[det+edge]@0.9
329,8,8,45,20,20,0.20610529997793492,glance[det+edge]@0.9
330,8,8,48,23,23,0.20689689998107497,glance[det+edge]@0.9
331,8,8,53,24,24,0.19401759996253531,glance[det+edge]@0.9
332,8,8,75,51,51,0.18217130002449267,glance[det+edge]@0.9
333,8,8,69,43,43,0.2004980999918189,glance[det+edge]@0.9
334,8,8,66,37,37,0.23079900004086085,glance[det+edge]@0.9
335,8,8,66,32,32,0.2082147999899462,glance[det+edge]@0.9
336,8,8,58,33,33,0.20429990002594423,glance[det+edge]@0.9
337,8,8,64,33,33,0.17760870001802687,glance[det+edge]@0.9
338,8,6,68,48,48,0.13554170000134036,glance[det+edge]@0.9
339,8,1,54,25,12,0.05546079998021014,glance[det+edge]@0.9
340,8,5,29,7,6,0.1407144999684533,glance[det+edge]@0.9
341,8,6,67,35,35,0.14780160001828335,glance[det+edge]@0.9
342,8,4,145,127,127,0.11179479998827446,glance[det+edge]@0.9
343,8,4,86,65,65,0.11102430001483299,glance[det+edge]@0.9
344,8,8,138,116,116,0.19515559999854304,glance[det+edge]@0.9
345,8,8,103,51,51,0.2108723999990616,glance[det+edge]@0.9
346,8,8,123,92,92,0.20500720001291484,glance[det+edge]@0.9
347,8,8,172,102,102,0.1980086000112351,glance[det+edge]@0.9
348,8,8,109,78,78,0.19031420000828803,glance[det+edge]@0.9
349,8,8,66,27,27,0.21803420000651386,glance[det+edge]@0.9
350,8,8,95,37,37,0.19378359999973327,glance[det+edge]@0.9
351,8,8,144,68,68,0.21329450003395323,glance[det+edge]@0.9
352,8,8,122,58,58,0.21852110003237613,glance[det+edge]@0.9
353,8,8,154,87,87,0.20593429998552892,glance[det+edge]@0.9
354,8,8,201,151,151,0.21451139995770063,glance[det+edge]@0.9
355,8,8,154,101,101,0.21157259997562505,glance[det+edge]@0.9
356,8,8,89,40,40,0.19869319998542778,glance[det+edge]@0.9
357,8,6,161,105,105,0.15229159998125397,glance[det+edge]@0.9
358,8,8,89,39,39,0.20036469998012763,glance[det+edge]@0.9
359,8,8,85,37,37,0.20459430004120804,glance[det+edge]@0.9
360,8,8,100,43,43,0.22287349998077843,glance[det+edge]@0.9
361,8,8,113,58,58,0.19802070000150707,glance[det+edge]@0.9
362,8,8,180,124,124,0.20928029998322017,glance[det+edge]@0.9
363,8,8,89,70,70,0.22201020002830774,glance[det+edge]@0.9
364,8,5,108,94,88,0.13365579998935573,glance[det+edge]@0.9
365,8,8,71,48,48,0.21152989997062832,glance[det+edge]@0.9
366,8,6,173,153,153,0.17095529999642167,glance[det+edge]@0.9
367,8,8,137,113,113,0.25937359999807086,glance[det+edge]@0.9
368,8,8,219,195,195,0.2514927000156604,glance[det+edge]@0.9
369,8,8,186,168,168,0.2426745000120718,glance[det+edge]@0.9
370,8,7,179,163,163,0.2072914999735076,glance[det+edge]@0.9
371,8,8,126,97,97,0.2401192999968771,glance[det+edge]@0.9
372,8,8,269,232,232,0.239635999998427,glance[det+edge]@0.9
373,8,8,275,231,231,0.20575629999802914,glance[det+edge]@0.9
374,8,8,161,105,105,0.22172180000052322,glance[det+edge]@0.9
375,8,8,271,236,236,0.2505072000203654,glance[det+edge]@0.9
376,8,8,189,157,157,0.23007220000727102,glance[det+edge]@0.9
377,8,8,72,39,39,0.21343010000418872,glance[det+edge]@0.9
378,8,8,155,104,104,0.2172290000016801,glance[det+edge]@0.9
379,8,8,60,34,34,0.1892097000090871,glance[det+edge]@0.9
380,8,8,74,48,48,0.21596669999416918,glance[det+edge]@0.9
381,8,8,76,44,44,0.21277219998592045,glance[det+edge]@0.9
382,8,7,53,38,38,0.18632999998226296,glance[det+edge]@0.9
383,8,8,52,31,31,0.23390849999850616,glance[det+edge]@0.9
384,8,4,70,52,52,0.10952220001490787,glance[det+edge]@0.9
385,8,8,78,54,54,0.1792693000024883,glance[det+edge]@0.9
386,8,8,85,34,34,0.20364549997611903,glance[det+edge]@0.9
387,8,8,84,33,33,0.23710620000201743,glance[det+edge]@0.9
388,8,4,48,20,20,0.13023489998886362,glance[det+edge]@0.9
389,8,8,58,23,23,0.2291988000215497,glance[det+edge]@0.9
390,8,8,59,25,25,0.21893050000653602,glance[det+edge]@0.9
391,8,7,61,26,26,0.21642370001063682,glance[det+edge]@0.9
392,8,8,59,24,24,0.2264310000173282,glance[det+edge]@0.9
393,8,3,63,34,26,0.12070230000244919,glance[det+edge]@0.9
394,8,5,78,72,72,0.14245500000834,glance[det+edge]@0.9
395,8,6,148,139,139,0.161555800048518,glance[det+edge]@0.9
396,8,4,5,4,4,0.11427289999846835,glance[det+edge]@0.9
397,8,8,81,68,68,0.19673700000566896,glance[det+edge]@0.9
398,8,5,44,38,38,0.1493458000040846,glance[det+edge]@0.9
399,8,6,36,26,26,0.19458019998273812,glance[det+edge]@0.9
400,8,8,22,11,11,0.23578140001336578,glance[det+edge]@0.9
401,8,4,28,23,23,0.13865860001533292,glance[det+edge]@0.9
402,8,5,22,17,17,0.16204289998859167,glance[det+edge]@0.9
403,8,1,11,7,6,0.06471859999874141,glance[det+edge]@0.9
404,8,6,37,22,22,0.18695440000738017,glance[det+edge]@0.9
405,8,8,29,17,17,0.23802820000855718,glance[det+edge]@0.9
406,8,8,26,16,16,0.21382730000186712,glance[det+edge]@0.9
407,8,6,6,1,1,0.18779940000968054,glance[det+edge]@0.9
408,8,2,7,3,0,0.09059110000089277,glance[det+edge]@0.9
409,8,3,7,2,2,0.08899609999207314,glance[det+edge]@0.9
410,8,8,83,66,66,0.17477890000736807,glance[det+edge]@0.9
411,8,4,55,35,32,0.10679760000493843,glance[det+edge]@0.9
412,8,6,54,34,30,0.14339980004297104,glance[det+edge]@0.9
413,8,5,56,33,33,0.13147459999890998,glance[det+edge]@0.9
414,8,8,67,43,43,0.19710469999699853,glance[det+edge]@0.9
415,8,8,72,47,47,0.1814252999611199,glance[det+edge]@0.9
416,8,7,71,42,42,0.15939700002491008,glance[det+edge]@0.9
417,8,8,59,27,27,0.22381120000500232,glance[det+edge]@0.9
418,8,6,78,59,59,0.1957168999942951,glance[det+edge]@0.9
419,8,4,51,34,34,0.13669450001907535,glance[det+edge]@0.9
420,8,4,52,39,39,0.13763420000032056,glance[det+edge]@0.9
421,8,8,63,41,41,0.2159030000329949,glance[det+edge]@0.9
422,8,6,66,48,48,0.17323910004051868,glance[det+edge]@0.9
423,8,5,93,74,71,0.14969929998915177,glance[det+edge]@0.9
424,8,7,64,48,48,0.1948880999989342,glance[det+edge]@0.9
425,8,7,54,41,41,0.19199300001491793,glance[det+edge]@0.9
426,8,6,93,75,75,0.17393049997917842,glance[det+edge]@0.9
427,8,6,111,93,93,0.17988970002625138,glance[det+edge]@0.9
428,8,6,88,67,66,0.1804635999869788,glance[det+edge]@0.9
429,8,8,74,50,50,0.21424149999802466,glance[det+edge]@0.9
430,8,8,117,90,90,0.19420820000232197,glance[det+edge]@0.9
431,8,8,98,78,78,0.20996680000098422,glance[det+edge]@0.9
432,8,8,87,68,68,0.21239450000575744,glance[det+edge]@0.9
433,8,8,76,50,50,0.2393158999911975,glance[det+edge]@0.9
434,8,8,86,62,62,0.3696817000163719,glance[det+edge]@0.9
435,8,8,94,66,66,0.35277700002188794,glance[det+edge]@0.9
436,8,8,118,82,82,11.628038099981495,glance[det+edge]@0.9
437,8,8,80,59,59,0.43262620001041796,glance[det+edge]@0.9
438,8,8,50,27,27,0.7312403999821981,glance[det+edge]@0.9
439,8,8,51,31,31,0.6919300000008661,glance[det+edge]@0.9
440,8,7,38,21,21,0.3889013000007253,glance[det+edge]@0.9
441,8,7,35,20,20,0.2953299000073457,glance[det+edge]@0.9
442,8,5,38,24,24,0.20776449999539182,glance[det+edge]@0.9
443,8,8,57,23,23,0.27875170001061633,glance[det+edge]@0.9
444,8,6,25,6,5,0.20450910003273748,glance[det+edge]@0.9
445,8,8,97,69,69,0.2826945999840973,glance[det+edge]@0.9
446,8,7,29,16,16,0.23970039999403525,glance[det+edge]@0.9
447,8,7,45,33,33,0.24731940001947805,glance[det+edge]@0.9
448,8,2,61,28,10,0.09382019999611657,glance[det+edge]@0.9
449,8,0,81,45,0,0.04299110001011286,glance[det+edge]@0.9
450,8,0,53,24,0,0.06495929999800865,glance[det+edge]@0.9
451,8,0,50,13,0,0.04988160000357311,glance[det+edge]@0.9
452,8,0,59,30,0,0.048514199967030436,glance[det+edge]@0.9
453,8,0,73,46,0,0.044272700004512444,glance[det+edge]@0.9
454,8,0,44,27,0,0.045452700011082925,glance[det+edge]@0.9
455,8,0,37,16,0,0.0453782999975374,glance[det+edge]@0.9
456,8,0,34,18,0,0.044451800000388175,glance[det+edge]@0.9
457,8,0,53,23,0,0.05095570000412408,glance[det+edge]@0.9
458,8,1,74,34,14,0.06431729999894742,glance[det+edge]@0.9
459,8,0,72,38,0,0.034427100006723776,glance[det+edge]@0.9
460,8,7,31,13,13,0.16724819999944884,glance[det+edge]@0.9
461,8,8,27,15,15,0.20861939998576418,glance[det+edge]@0.9
462,8,4,25,10,9,0.15563479998672847,glance[det+edge]@0.9
463,8,4,19,6,5,0.13539970001147594,glance[det+edge]@0.9
464,8,4,27,19,19,0.1397152999707032,glance[det+edge]@0.9
465,8,5,68,64,64,0.15526789998693857,glance[det+edge]@0.9
466,8,8,52,39,39,0.19881899999745656,glance[det+edge]@0.9
467,8,6,53,40,39,0.15075859999342356,glance[det+edge]@0.9
468,8,4,65,49,47,0.1048313000210328,glance[det+edge]@0.9
469,8,4,71,60,57,0.11620820000825915,glance[det+edge]@0.9
470,8,8,76,64,64,0.18522870000742842,glance[det+edge]@0.9
471,8,8,83,64,64,0.997208100015996,glance[det+edge]@0.9
472,8,8,32,13,13,0.2855477999546565,glance[det+edge]@0.9
473,8,8,24,3,3,0.3411218999826815,glance[det+edge]@0.9
474,8,8,38,7,7,0.25179589999606833,glance[det+edge]@0.9
475,8,8,26,5,5,0.22478739998769015,glance[det+edge]@0.9
476,8,8,35,15,15,0.22038500003691297,glance[det+edge]@0.9
477,8,8,17,6,6,0.23640339999110438,glance[det+edge]@0.9
478,8,8,14,1,1,0.220206700018025,glance[det+edge]@0.9
479,8,4,7,3,3,0.14582129997143056,glance[det+edge]@0.9
480,8,7,18,3,3,0.48404899997694883,glance[det+edge]@0.9
481,8,8,19,6,6,0.19805039998027496,glance[det+edge]@0.9
482,8,6,111,93,88,0.17692990001523867,glance[det+edge]@0.9
483,8,8,84,68,68,0.26147220001439564,glance[det+edge]@0.9
484,8,8,72,30,30,0.24688169998989906,glance[det+edge]@0.9
485,8,7,61,35,35,0.18642009995528497,glance[det+edge]@0.9
486,8,8,50,19,19,0.19877589998941403,glance[det+edge]@0.9
487,8,7,41,16,16,0.17492789997777436,glance[det+edge]@0.9
488,8,8,76,45,45,0.21863760001724586,glance[det+edge]@0.9
489,8,2,27,23,21,0.21713879999879282,glance[det+edge]@0.9
490,8,2,12,4,2,0.0923155000054976,glance[det+edge]@0.9
491,8,8,96,71,71,0.2748524999624351,glance[det+edge]@0.9
492,8,8,74,48,48,0.19476170001144055,glance[det+edge]@0.9
493,8,8,83,61,61,0.20368900000175927,glance[det+edge]@0.9
494,8,8,70,44,44,0.18607340002199635,glance[det+edge]@0.9
495,8,7,75,51,51,0.2278544000146212,glance[det+edge]@0.9
496,8,8,46,22,22,0.2143276999850059,glance[det+edge]@0.9
497,8,7,71,50,50,0.21061049998388626,glance[det+edge]@0.9
498,8,8,70,51,51,0.20432559998880606,glance[det+edge]@0.9
499,8,7,79,65,65,0.1659267000068212,glance[det+edge]@0.9
500,8,7,65,46,46,0.15451710000343155,glance[det+edge]@0.9
501,8,8,63,36,36,0.1710406000056537,glance[det+edge]@0.9
502,8,8,66,40,40,0.19924809997610282,glance[det+edge]@0.9
503,8,7,60,41,41,0.16054959998291451,glance[det+edge]@0.9
504,8,7,57,38,38,0.16685630001302343,glance[det+edge]@0.9
505,8,8,77,54,54,0.1902822000120068,glance[det+edge]@0.9
506,8,8,61,46,46,0.1802472999843303,glance[det+edge]@0.9
507,8,8,77,60,60,0.17454369999177288,glance[det+edge]@0.9
508,8,8,71,54,54,0.202748600000632,glance[det+edge]@0.9
509,8,8,80,61,61,0.19123579999723006,glance[det+edge]@0.9
510,8,6,30,18,18,0.14441140001872554,glance[det+edge]@0.9
511,8,8,30,15,15,0.18334970000432804,glance[det+edge]@0.9
512,8,8,26,6,6,0.18180799995025154,glance[det+edge]@0.9
513,8,8,29,6,6,0.19450580001284834,glance[det+edge]@0.9
514,8,8,57,19,19,0.1873856000311207,glance[det+edge]@0.9
515,8,8,12,0,0,0.18328859999019187,glance[det+edge]@0.9
516,8,7,17,0,0,0.1560730999772204,glance[det+edge]@0.9
517,8,4,31,25,23,0.1147932000021683,glance[det+edge]@0.9
518,8,5,19,6,6,0.12741259997710586,glance[det+edge]@0.9
519,8,3,10,2,2,0.08715810001012869,glance[det+edge]@0.9
520,8,5,11,0,0,0.1528911000059452,glance[det+edge]@0.9
521,8,7,57,35,35,0.18150029999378603,glance[det+edge]@0.9
522,8,6,51,29,28,0.18594699999084696,glance[det+edge]@0.9
523,8,6,55,28,28,0.1706477999978233,glance[det+edge]@0.9
524,8,6,42,18,18,0.16923239998868667,glance[det+edge]@0.9
525,8,8,38,17,17,0.21169200001168065,glance[det+edge]@0.9
526,8,8,43,19,19,0.2204077999922447,glance[det+edge]@0.9
527,8,8,56,25,25,0.21291659996495582,glance[det+edge]@0.9
528,8,8,62,37,37,0.21829639999486972,glance[det+edge]@0.9
529,8,8,31,7,7,0.2042910999734886,glance[det+edge]@0.9
530,8,8,42,20,20,0.19645530001434963,glance[det+edge]@0.9
531,8,5,46,28,28,0.14831090001098346,glance[det+edge]@0.9
532,8,6,23,13,11,0.17719979998946656,glance[det+edge]@0.9
533,8,5,40,27,25,0.14253959999768995,glance[det+edge]@0.9
534,8,8,14,1,1,0.21948839996184688,glance[det+edge]@0.9
535,8,5,6,0,0,0.1393608999933349,glance[det+edge]@0.9
536,8,8,55,36,36,0.21465619999798946,glance[det+edge]@0.9
537,8,6,51,12,12,0.1698280000127852,glance[det+edge]@0.9
538,8,7,15,4,4,0.19228840002324432,glance[det+edge]@0.9
539,8,8,41,10,10,0.18432509998092428,glance[det+edge]@0.9
540,8,8,19,1,1,0.19403739999688696,glance[det+edge]@0.9
541,8,6,11,2,2,0.15581169998040423,glance[det+edge]@0.9
542,8,7,21,3,3,0.17806910001672804,glance[det+edge]@0.9
543,8,8,16,0,0,0.20762679996551014,glance[det+edge]@0.9
544,6,6,34,31,31,0.17323059997579549,glance[det+edge]@0.9
545,6,6,52,39,39,0.15848209998512175,glance[det+edge]@0.9
546,6,6,36,30,30,0.3154134999786038,glance[det+edge]@0.9
547,6,6,56,51,51,0.1856460999988485,glance[det+edge]@0.9
548,6,6,57,47,47,0.1572370000212686,glance[det+edge]@0.9
