rate_mean,rate_std,rate_gini,frac_img_zero,frac_img_all,spearman_rate_ngt,method,slice_frac
1.0,0.0,0.0,0.0,1.0,,sahi_uniform,1.0
0.8168187347931873,0.2880946144644068,0.1654704600657333,0.043795620437956206,0.5912408759124088,0.3039604898005912,fusion_thr@0.9,0.7917833800186741
0.8168187347931873,0.2880946144644068,0.1654704600657333,0.043795620437956206,0.5912408759124088,0.3039604898005912,router_matched@0.9,0.7917833800186741
0.8088807785888078,0.2925563496847016,0.17180427768623363,0.05474452554744526,0.5766423357664233,0.400959507618413,router_global@op,0.7903828197945845
0.2688564476885644,0.03428197078460663,0.05419955741982396,0.0,0.0,-0.17476330841138493,fusion_budget@0.3,0.26517273576097106
0.36678832116788324,0.01831799295878156,0.021825180666013022,0.0,0.0,0.1827581818377503,fusion_budget@0.4,0.3697478991596639
0.5012165450121654,0.006250721449472083,0.0023386010913473143,0.0,0.0,0.03149903144294817,fusion_budget@0.5,0.5023342670401494
0.6332116788321168,0.018317992958781535,0.01264225162498156,0.0,0.0,-0.1827581818377503,fusion_budget@0.6,0.6302521008403361
0.7287104622871046,0.03634396410289455,0.02175158110232389,0.0,0.0,0.16617398347254342,fusion_budget@0.7,0.7301587301587301
0.7700729927007299,0.034770635673735756,0.019753001003217197,0.0,0.0,-0.17476330841138493,fusion_budget@0.8,0.7675070028011205
0.8680048661800486,0.02134074481208576,0.010572944107130944,0.0,0.0,0.1827581818377503,fusion_budget@0.9,0.8720821661998133
0.3087591240875912,0.3080550812070217,0.5404982945361889,0.291970802919708,0.09124087591240876,0.5836362876621987,router_global@0.3,0.28991596638655465
0.4360097323600973,0.34175853952397467,0.44477381223931167,0.20072992700729927,0.15693430656934307,0.5220444135265598,router_global@0.4,0.41083099906629317
0.5277068126520681,0.3432792678390605,0.3720867179030467,0.14233576642335766,0.19343065693430658,0.47222887316251366,router_global@0.5,0.5009337068160598
0.6300182481751825,0.3500165238706521,0.30972073200596917,0.11313868613138686,0.32116788321167883,0.42554243392896934,router_global@0.6,0.6031746031746031
0.7264294403892944,0.3306863185718503,0.23896667272774508,0.08394160583941605,0.4489051094890511,0.43208665954617087,router_global@0.7,0.7035480859010271
0.8166058394160584,0.286777754515514,0.16525792113526094,0.043795620437956206,0.5948905109489051,0.3942535214310851,router_global@0.8,0.7987861811391224
0.9039537712895377,0.22401351802305794,0.09092750976567787,0.029197080291970802,0.7554744525547445,0.36845308307808017,router_global@0.9,0.8949579831932774
