feature,pr_auc_drop,sd
log_n_weak,0.04874449485529146,0.005596686835534596
cy,0.020747309613671504,0.002109808432036919
log_app_size,0.02074248297724841,0.0058682108197551045
mass_other,0.020462527996413994,0.0021104652380964407
log_n_strong,0.01813736082848332,0.002042702929167462
border,0.013474688744923257,0.003949655734340079
img_log_mass,0.010132582914660793,0.0011679408987124926
det_heatmap,0.006498643354919098,0.0017068282647459856
det_uncertain,0.006025220319936686,0.0016511836821747514
log_mass,0.004103094528086992,0.0009823584189639566
det_max,0.0026099674545860376,0.0024370400987462145
fused,0.0019734017403953306,0.0010440387841459894
det_noisyor,0.0019629443129881574,0.0009519103298630024
edge,0.000773474097506055,0.001265196418839853
img_rank,0.00029856262246650276,0.0003240626500805932
nb_max_det,6.538463282552698e-05,7.05187746404479e-05
mass_person,-4.175827216881256e-05,0.00014096222549441506
cx,-0.00010174710559338607,0.0001020225895005721
area_frac,-0.00046700470759255543,0.001729591773357048
scale,-0.0008804351020539336,0.001435657762986442
nb_mean_edge,-0.0009131228611797048,0.00031220632449861
log_n_slices,-0.0014933336956374666,0.00038788782526284104
