k,method,threshold,slice_frac,cov_all,cov_small
1,edge,0.2,0.9979166666666667,1.0,1.0
1,random#0,0.2,0.9979166666666667,1.0,1.0
1,random#1,0.2,0.9979166666666667,1.0,1.0
1,edge,0.4,0.8666666666666667,1.0,1.0
1,random#0,0.4,0.8666666666666667,0.9568345323741008,0.975
1,random#1,0.4,0.8666666666666667,0.9154676258992805,0.9166666666666666
1,edge,0.5,0.7625,0.9856115107913669,0.9805555555555555
1,random#0,0.5,0.7625,0.8345323741007195,0.85
1,random#1,0.5,0.7625,0.7266187050359713,0.65
1,edge,0.6,0.5479166666666667,0.9748201438848921,0.975
1,random#0,0.6,0.5479166666666667,0.7212230215827338,0.6972222222222222
1,random#1,0.6,0.5479166666666667,0.670863309352518,0.6583333333333333
1,edge,0.7,0.325,0.6384892086330936,0.525
1,random#0,0.7,0.325,0.4712230215827338,0.4777777777777778
1,random#1,0.7,0.325,0.7697841726618705,0.8
1,edge,0.8,0.15833333333333333,0.30935251798561153,0.25833333333333336
1,random#0,0.8,0.15833333333333333,0.1906474820143885,0.20555555555555555
1,random#1,0.8,0.15833333333333333,0.32014388489208634,0.36666666666666664
1,edge,0.9,0.04583333333333333,0.10251798561151079,0.06111111111111111
1,random#0,0.9,0.04583333333333333,0.0539568345323741,0.044444444444444446
1,random#1,0.9,0.04583333333333333,0.05755395683453238,0.03333333333333333
2,edge,0.2,0.9958333333333333,0.9869646182495344,0.9943582510578279
2,random#0,0.2,0.9958333333333333,1.0,1.0
2,random#1,0.2,0.9958333333333333,0.9869646182495344,0.998589562764457
2,edge,0.4,0.9020833333333333,0.952513966480447,0.9703808180535967
2,random#0,0.4,0.9020833333333333,0.9497206703910615,0.9520451339915373
2,random#1,0.4,0.9020833333333333,0.9497206703910615,0.9464033850493653
2,edge,0.5,0.7604166666666666,0.8556797020484171,0.8674188998589563
2,random#0,0.5,0.7604166666666666,0.8733705772811918,0.8519040902679831
2,random#1,0.5,0.7604166666666666,0.8873370577281192,0.8617771509167842
2,edge,0.6,0.5416666666666666,0.7839851024208566,0.7983074753173484
2,random#0,0.6,0.5416666666666666,0.6685288640595903,0.6516220028208745
2,random#1,0.6,0.5416666666666666,0.7662942271880819,0.7447108603667136
2,edge,0.7,0.3145833333333333,0.40037243947858475,0.3469675599435825
2,random#0,0.7,0.3145833333333333,0.5446927374301676,0.5641748942172073
2,random#1,0.7,0.3145833333333333,0.568901303538175,0.5895627644569816
2,edge,0.8,0.13333333333333333,0.17783985102420857,0.14809590973201692
2,random#0,0.8,0.13333333333333333,0.11452513966480447,0.11847672778561354
2,random#1,0.8,0.13333333333333333,0.17039106145251395,0.1368124118476728
2,edge,0.9,0.041666666666666664,0.09497206703910614,0.08321579689703808
2,random#0,0.9,0.041666666666666664,0.0931098696461825,0.10437235543018336
2,random#1,0.9,0.041666666666666664,0.1005586592178771,0.11847672778561354
4,edge,0.2,1.0,1.0,1.0
4,random#0,0.2,1.0,1.0,1.0
4,random#1,0.2,1.0,1.0,1.0
4,edge,0.4,0.93125,0.9838805970149254,0.9812332439678284
4,random#0,0.4,0.93125,0.9952238805970149,0.998212689901698
4,random#1,0.4,0.93125,0.977313432835821,0.9803395889186773
4,edge,0.5,0.8083333333333333,0.9725373134328358,0.9731903485254692
4,random#0,0.5,0.8083333333333333,0.9044776119402985,0.8972296693476318
4,random#1,0.5,0.8083333333333333,0.9367164179104478,0.9401251117068812
4,edge,0.6,0.6145833333333334,0.8549253731343284,0.8534405719392315
4,random#0,0.6,0.6145833333333334,0.8083582089552239,0.8042895442359249
4,random#1,0.6,0.6145833333333334,0.7450746268656716,0.7292225201072386
4,edge,0.7,0.3416666666666667,0.595820895522388,0.5755138516532619
4,random#0,0.7,0.3416666666666667,0.48835820895522386,0.4924039320822163
4,random#1,0.7,0.3416666666666667,0.5074626865671642,0.48168007149240394
4,edge,0.8,0.14791666666666667,0.31044776119402984,0.290437890974084
4,random#0,0.8,0.14791666666666667,0.33492537313432835,0.3672922252010724
4,random#1,0.8,0.14791666666666667,0.36597014925373134,0.40840035746201964
4,edge,0.9,0.05416666666666667,0.08238805970149254,0.06970509383378017
4,random#0,0.9,0.05416666666666667,0.11223880597014925,0.10187667560321716
4,random#1,0.9,0.05416666666666667,0.2083582089552239,0.24128686327077747
6,edge,0.2,0.9958333333333333,1.0,1.0
6,random#0,0.2,0.9958333333333333,0.9978638184245661,0.998048399687744
6,random#1,0.2,0.9958333333333333,1.0,1.0
6,edge,0.4,0.925,0.9946595460614153,0.9964871194379391
6,random#0,0.4,0.925,0.9449933244325768,0.9363778298204528
6,random#1,0.4,0.925,0.982109479305741,0.975800156128025
6,edge,0.5,0.81875,0.9206942590120161,0.9055425448868072
6,random#0,0.5,0.81875,0.9433911882510013,0.9398907103825137
6,random#1,0.5,0.81875,0.8753004005340453,0.8637782982045277
6,edge,0.6,0.5333333333333333,0.6467289719626168,0.5882123341139734
6,random#0,0.6,0.5333333333333333,0.6801068090787717,0.6869633099141296
6,random#1,0.6,0.5333333333333333,0.7551401869158878,0.7447306791569087
6,edge,0.7,0.25833333333333336,0.3543391188251001,0.29430132708821233
6,random#0,0.7,0.25833333333333336,0.4144192256341789,0.3985167837626854
6,random#1,0.7,0.25833333333333336,0.47289719626168225,0.4648711943793911
6,edge,0.8,0.12291666666666666,0.15700934579439252,0.11358313817330211
6,random#0,0.8,0.12291666666666666,0.28544726301735646,0.290007806401249
6,random#1,0.8,0.12291666666666666,0.24619492656875835,0.2388758782201405
6,edge,0.9,0.05416666666666667,0.07369826435246996,0.04449648711943794
6,random#0,0.9,0.05416666666666667,0.07823765020026702,0.07572209211553474
6,random#1,0.9,0.05416666666666667,0.11562082777036048,0.1131928181108509
8,edge,0.2,0.9916666666666667,1.0,1.0
8,random#0,0.2,0.9916666666666667,0.9984406326576075,0.9993763642033052
8,random#1,0.2,0.9916666666666667,0.9988861661840054,0.9990645463049579
8,edge,0.4,0.9541666666666667,0.9973267988416128,0.9981290926099158
8,random#0,0.4,0.9541666666666667,0.9552238805970149,0.9497973183660742
8,random#1,0.4,0.9541666666666667,0.9534417464914234,0.9438727782974743
8,edge,0.5,0.8208333333333333,0.9044330585876588,0.8899282818833801
8,random#0,0.5,0.8208333333333333,0.9008687903764758,0.9014655441222326
8,random#1,0.5,0.8208333333333333,0.9059924259300512,0.9036482694106641
8,edge,0.6,0.5979166666666667,0.7467141902428158,0.7231057062675398
8,random#0,0.6,0.5979166666666667,0.7378035197148586,0.7287184284377923
8,random#1,0.6,0.5979166666666667,0.7513922922699933,0.7443093233551605
8,edge,0.7,0.33541666666666664,0.4504343951882379,0.4287496102276271
8,random#0,0.7,0.33541666666666664,0.5021162842503898,0.4830059245400686
8,random#1,0.7,0.33541666666666664,0.5190465582535085,0.5176177112566261
8,edge,0.8,0.125,0.13499665849855202,0.1072653570314936
8,random#0,0.8,0.125,0.19402985074626866,0.18709073900841908
8,random#1,0.8,0.125,0.20294052127422588,0.1886498285001559
8,edge,0.9,0.0375,0.04165738471820005,0.030246336139694418
8,random#0,0.9,0.0375,0.04098908442860325,0.037106329903336455
8,random#1,0.9,0.0375,0.05190465582535086,0.050826317430620514
