method,ref,AP,dAP,dAP_lo,dAP_hi,APs,dAPs,dAPs_lo,dAPs_hi,ms_per_img,time_ratio,time_ratio_lo,time_ratio_hi,slices_per_img,mpx_per_img,on_frontier
full@640,glance@0.9,20.17949345113666,-8.182393268422999,-8.589770086551248,-7.782453646553994,9.305366937810899,-8.430101011683712,-9.01022716490884,-7.955465340215204,13.786225912398065,0.14437052645258808,0.1409110439401773,0.14846251762072668,0.0,0.24576000000000006,True
full@960,glance@0.9,26.852399890520918,-1.509486829038742,-1.8072915549590944,-1.1886744802921123,15.788891657200042,-1.9465762922945689,-2.452331349267723,-1.5522271472501161,14.552222445251116,0.15239210708035078,0.14905244451189234,0.15689743542005957,0.0,0.52224,True
full@1280,glance@0.9,31.037584104535927,2.6756973849762664,2.283394847794639,3.000856524739502,20.301684534392663,2.566216584898054,2.1109153134377254,2.914177691133601,17.693827737205865,0.18529126402060211,0.18017437059971353,0.19111052899713596,0.0,0.9420799999999999,True
full@1600,glance@0.9,33.6538038945834,5.291917175023741,4.840740610052217,5.627219145519874,23.34821398460549,5.61274603511088,5.0245657092008855,5.926610463111891,25.646032664268322,0.26856742814804535,0.26277546506661187,0.2759544298049305,0.0,1.4848,True
full@1920,glance@0.9,35.12540359211424,6.763516872554582,6.327176790832153,7.1874886478234155,25.523461580866268,7.787993631371659,7.053930738157083,8.18058392881189,32.64588722626897,0.3418704985190863,0.3342772102982174,0.35152353294899524,0.0,2.08896,True
full@2560,glance@0.9,35.859058807634234,7.497172088074578,7.0540856101230665,7.98837619266491,27.03460522476543,9.29913727527082,8.538875623734492,9.872897108189356,61.282366423359356,0.6417541362675836,0.6289756724951335,0.6601219694672767,0.0,3.6863999999999995,True
sahi@512,glance@0.9,28.515424520911115,0.15353780135145545,0.051202208963816796,0.24361161100983275,17.88500990263307,0.14954195313846008,0.026388411628046973,0.21850568789393213,106.79535894163179,1.1183700521859916,1.088645836911094,1.1551644330184183,7.8010948905109485,3.4410884671532838,False
sahi@640,glance@0.9,27.490894920496668,-0.8709917990629923,-1.1868530096191676,-0.5211334753237902,17.02625626038861,-0.7092116891059985,-1.1820630680233815,-0.3279952989020588,77.5414330292222,0.8120204600919407,0.7859772334420826,0.8397395399514473,5.186131386861314,2.3428671532846717,False
sahi@768,glance@0.9,26.319648669087325,-2.0422380504723336,-2.3211292781261452,-1.6923558965555074,15.168635525005355,-2.566832424489254,-2.9848136923724993,-2.2153707288689226,44.47131952554588,0.465707428032965,0.45113764070710466,0.4814896136079364,2.1386861313868613,1.076545401459854,False
sahi@1024,glance@0.9,23.207158536853083,-5.154728182706577,-5.530529935752203,-4.82278863914037,12.579553646894293,-5.155914302600317,-5.606254813098999,-4.743934046601307,40.10428631391088,0.41997548603477874,0.4030950246290438,0.440942145974769,1.917883211678832,0.8426697810218976,False
glance@0.9,glance@0.9,28.36188671955966,0.0,0.0,0.0,17.73546794949461,0.0,0.0,0.0,95.4919695255494,1.0,1.0,1.0,6.162408759124087,2.7698826277372266,False
glance@0.99,glance@0.9,27.97218397512448,-0.3897027444351775,-0.5491241783290866,-0.2710376082672519,17.45650860024466,-0.27895934924994925,-0.47314808941676284,-0.10063336208434996,81.0506094890912,0.8487688534626535,0.8322144199382003,0.8667153227346954,4.905109489051095,2.254892846715329,False
full@640,sahi@512,20.17949345113666,-8.335931069774455,-8.80214896224426,-7.909621673395843,9.305366937810899,-8.579642964822172,-9.149156364658051,-8.046412621953042,13.786225912398065,0.12909012197742434,0.12714986421946192,0.13084417385460617,0.0,0.24576000000000006,True
full@960,sahi@512,26.852399890520918,-1.6630246303901974,-2.0155871664727116,-1.327066751520108,15.788891657200042,-2.096118245433029,-2.568851247867757,-1.6663802938955874,14.552222445251116,0.13626268584578216,0.13455665144610515,0.1380775247884253,0.0,0.52224,True
full@1280,sahi@512,31.037584104535927,2.522159583624811,2.133408277895611,2.8417989681845217,20.301684534392663,2.416674631759594,1.9677332365688023,2.8209878371618187,17.693827737205865,0.1656797440689936,0.16266840316898631,0.16866693284099635,0.0,0.9420799999999999,True
full@1600,sahi@512,33.6538038945834,5.1383793736722865,4.67341072470573,5.440086623193554,23.34821398460549,5.46320408197242,4.880958607784013,5.862114417140195,25.646032664268322,0.24014182749537807,0.23677095798361408,0.24353181011816613,0.0,1.4848,True
full@1920,sahi@512,35.12540359211424,6.609979071203126,6.175658887857346,6.998749975903422,25.523461580866268,7.638451678233199,6.960578892664518,8.060801512022833,32.64588722626897,0.3056863851556633,0.3009042846758281,0.3102491632012166,0.0,2.08896,True
full@2560,sahi@512,35.859058807634234,7.3436342867231215,6.8748100790847975,7.8658707204003635,27.03460522476543,9.14959532213236,8.404273250125783,9.755422603294477,61.282366423359356,0.5738298651803098,0.5644344547179417,0.5833502160531743,0.0,3.6863999999999995,True
sahi@512,sahi@512,28.515424520911115,0.0,0.0,0.0,17.88500990263307,0.0,0.0,0.0,106.79535894163179,1.0,1.0,1.0,7.8010948905109485,3.4410884671532838,False
sahi@640,sahi@512,27.490894920496668,-1.0245296004144477,-1.3260708087858564,-0.6916586811390685,17.02625626038861,-0.8587536422444586,-1.299318571121814,-0.428695185877184,77.5414330292222,0.7260749324472227,0.7151850846287692,0.7379418958716135,5.186131386861314,2.3428671532846717,False
sahi@768,sahi@512,26.319648669087325,-2.195775851823789,-2.4973319504978186,-1.8548798486081663,15.168635525005355,-2.7163743776277145,-3.1125639981516384,-2.3524231376411393,44.47131952554588,0.41641621851611876,0.410964973451221,0.42089145337955086,2.1386861313868613,1.076545401459854,False
sahi@1024,sahi@512,23.207158536853083,-5.308265984058033,-5.707258118082898,-4.984123381023612,12.579553646894293,-5.305456255738777,-5.760881481987772,-4.871679275269932,40.10428631391088,0.37552461746797056,0.36518053588702415,0.38532925579003297,1.917883211678832,0.8426697810218976,False
glance@0.9,sahi@512,28.36188671955966,-0.15353780135145545,-0.2436116110098327,-0.05120220896381678,17.73546794949461,-0.14954195313846008,-0.21850568789393207,-0.026388411628046955,95.4919695255494,0.8941584210390623,0.8656776771805642,0.9185723824597577,6.162408759124087,2.7698826277372266,False
glance@0.99,sahi@512,27.97218397512448,-0.543240545786633,-0.7409570178507746,-0.39034288681716606,17.45650860024466,-0.42850130238840933,-0.6043148208440209,-0.21753682272457275,81.0506094890912,0.7589338178393016,0.7325977767252014,0.7846693005638771,4.905109489051095,2.254892846715329,False
