AP,AP50,AP75,APs,APm,APl,method,slices_per_img,slice_frac,ms_per_img,ms_extra,small_cov,family,threshold,tau
0.20025700536278976,0.3486916052640127,0.1965176917220214,0.09303314134046618,0.35947767479109793,0.8100734960658875,full_image,0.0,0.0,48.014415511583145,0.0,0.0,full,,
0.2839562348912881,0.48947630207069637,0.2789203743791164,0.17881052197685746,0.4492091023517418,0.714645991714727,sahi_uniform,7.8010948905109485,1.0,214.94851478033578,0.0,1.0,sahi,,
0.2854348775850193,0.4949547039841706,0.27981105644471405,0.18151925147401984,0.4486011283443286,0.749842889618929,oracle_gt_small,5.945255474452555,0.7621052631578947,177.56985821077674,0.0,1.0,oracle,,
0.2840576902704897,0.4896847765444611,0.27902830577066956,0.17874390889047498,0.44949592947369593,0.7124584173916011,glance[uncertain]@0.5,7.211678832116788,0.9244444444444444,202.1307204375222,0.0,0.982929194956353,glance_uncertain,0.5,
0.2836617724699252,0.4897456340846813,0.27754361835530494,0.17872871440874974,0.44981165311091237,0.7125264941619934,glance[uncertain]@0.7,7.087591240875913,0.9085380116959064,199.59411824752053,0.0,0.9803588748787585,glance_uncertain,0.7,
0.28352108483749267,0.4896642306652523,0.27740704411893463,0.17871539931012873,0.4496608629797225,0.7112258427394972,glance[uncertain]@0.8,7.029197080291971,0.9010526315789473,198.38944689694551,0.0,0.9796799224054317,glance_uncertain,0.8,
0.28346223684241834,0.4897251419167477,0.277263581919216,0.1787281969883546,0.44925186008727025,0.7119461995233133,glance[uncertain]@0.9,6.903284671532846,0.8849122807017544,195.77459853927348,0.0,0.9776430649854511,glance_uncertain,0.9,
0.28376995408164246,0.4902255146188737,0.2775535376484053,0.17875074186562573,0.44979750885062453,0.7145164428542427,glance[uncertain]@0.95,6.75,0.8652631578947368,193.34958339345079,0.0,0.9756547041707081,glance_uncertain,0.95,
0.2839275397086138,0.4906248882172537,0.2777200583836709,0.17845261538366242,0.44983622627981923,0.7135716914765792,glance[uncertain]@0.99,6.447080291970803,0.8264327485380117,186.98286332044412,0.0,0.9710475266731329,glance_uncertain,0.99,
0.2840685495412803,0.4896887250808242,0.27902928954986844,0.1787687780206021,0.4494842308683012,0.7125486613957542,glance[uncertain+edge]@0.5,7.271897810218978,0.9321637426900585,213.56380072911034,9.891057846335656,0.9831231813773036,glance_uncertain+edge,0.5,
0.28361931220519515,0.48968514106620253,0.2774933636109082,0.17872748936042787,0.44984500450490916,0.7128472817135786,glance[uncertain+edge]@0.7,7.12043795620438,0.9127485380116959,210.8169556554491,9.891057846335656,0.98094083414161,glance_uncertain+edge,0.7,
0.2835448702667299,0.4896811277347983,0.2774404852279164,0.17873141831983197,0.44970843226125823,0.7112258427394972,glance[uncertain+edge]@0.8,7.0510948905109485,0.903859649122807,208.670528100751,9.891057846335656,0.9798739088263821,glance_uncertain+edge,0.8,
0.2834497553437895,0.48969406434302926,0.2772541305422277,0.17872104597325517,0.4492360477931399,0.7119461995233133,glance[uncertain+edge]@0.9,6.930656934306569,0.888421052631579,205.9113549258276,9.891057846335656,0.9776430649854511,glance_uncertain+edge,0.9,
0.2836511776298447,0.49005753156332094,0.27738605600413163,0.17877123381171606,0.4497984165414975,0.7127350848543281,glance[uncertain+edge]@0.95,6.788321167883212,0.8701754385964913,203.5146567513085,9.891057846335656,0.9763336566440349,glance_uncertain+edge,0.95,
0.2838879745238262,0.49054131769550435,0.2776839238091801,0.17845301110650072,0.4497637211173937,0.7130250222846304,glance[uncertain+edge]@0.99,6.481751824817518,0.8308771929824561,197.00401131300885,9.891057846335656,0.9711445198836082,glance_uncertain+edge,0.99,
0.27836419305457005,0.47814266986074894,0.2730386971697756,0.17201780238957515,0.44211899415424244,0.7138648442332799,glance[max]@0.5,6.1678832116788325,0.7906432748538011,180.35843832036255,0.0,0.9266731328806983,glance_max,0.5,
0.26071050193106915,0.4493700907057577,0.2540685767478315,0.15571779307019426,0.4217438314878473,0.7120531164699874,glance[max]@0.7,4.7299270072992705,0.6063157894736843,131.55788722543966,0.0,0.7543161978661493,glance_max,0.7,
0.2284130122253051,0.39846911682890773,0.22096900474733808,0.12128607305176743,0.38925077369022315,0.7054563543911937,glance[max]@0.8,2.9708029197080292,0.3808187134502924,96.04312992655484,0.0,0.4211930164888458,glance_max,0.8,
0.19929437949353898,0.34504861736781994,0.19702427491439736,0.09360454746583956,0.35820892221860057,0.7705819689903494,glance[max]@0.9,0.26094890510948904,0.03345029239766082,35.866937591605286,0.0,0.018380213385063047,glance_max,0.9,
0.20025700536278976,0.3486916052640127,0.1965176917220214,0.09303314134046618,0.35947767479109793,0.8100734960658875,glance[max]@0.95,0.0,0.0,30.52259999978799,0.0,0.0,glance_max,0.95,
0.20025700536278976,0.3486916052640127,0.1965176917220214,0.09303314134046618,0.35947767479109793,0.8100734960658875,glance[max]@0.99,0.0,0.0,30.125363138470338,0.0,0.0,glance_max,0.99,
0.2816781076731214,0.4852988788394544,0.27468039280725537,0.17594500543212982,0.44555478638841933,0.7139249238594597,glance[max+edge]@0.5,6.4799270072992705,0.8306432748538012,196.63504306464367,9.891057846335656,0.9557710960232784,glance_max+edge,0.5,
0.26992132188961343,0.4650836374931438,0.2624521016326242,0.16529889247577714,0.4307622929850149,0.7130623700473673,glance[max+edge]@0.7,5.388686131386861,0.6907602339181287,174.36486295519254,9.891057846335656,0.850921435499515,glance_max+edge,0.7,
0.24800769359646346,0.42721791889713967,0.24004156415257613,0.1411611241530957,0.4093341906363576,0.7122732621422656,glance[max+edge]@0.8,3.95985401459854,0.5076023391812865,126.32877572975906,9.891057846335656,0.6105237633365664,glance_max+edge,0.8,
0.20050675406704627,0.3517595467201799,0.19526839298597815,0.09531752949446363,0.36007654318678345,0.7103728463398336,glance[max+edge]@0.9,0.7974452554744526,0.10222222222222223,58.62428412373228,9.891057846335656,0.09529582929194956,glance_max+edge,0.9,
0.20009569606846195,0.3484226175199784,0.1964798218016255,0.09300814075239304,0.35943894237742074,0.8123151365479161,glance[max+edge]@0.95,0.016423357664233577,0.002105263157894737,40.97624470746501,9.891057846335656,0.0017458777885548012,glance_max+edge,0.95,
0.20025700536278976,0.3486916052640127,0.1965176917220214,0.09303314134046618,0.35947767479109793,0.8100734960658875,glance[max+edge]@0.99,0.0,0.0,41.16501094798161,9.891057846335656,0.0,glance_max+edge,0.99,
0.2836927703542182,0.4894680984412614,0.27711320140826085,0.17862503046326528,0.4496708863856263,0.7146396906249105,glance[heatmap]@0.5,6.79014598540146,0.8704093567251462,199.01759872202067,3.575144708215006,0.9743937924345296,glance_heatmap,0.5,
0.28362861362358066,0.4899728502583611,0.2773559141358533,0.17817566075640165,0.44958927839178553,0.7082135205206385,glance[heatmap]@0.7,6.302919708029197,0.807953216374269,189.80871094874044,4.003768795577556,0.9681377303588748,glance_heatmap,0.7,
0.28284759913383295,0.4877448288816568,0.27627840352586325,0.17746545679715528,0.4489225593680119,0.7130355178322314,glance[heatmap]@0.8,5.9489051094890515,0.7625730994152047,182.05042609483527,3.5456414237286196,0.9591173617846751,glance_heatmap,0.8,
0.28178158514022145,0.48616709688128246,0.2757604047623012,0.17793146069239046,0.44520720572965217,0.7193626382771175,glance[heatmap]@0.9,5.291970802919708,0.6783625730994152,168.9399874077245,3.6680071163413976,0.9472356935014549,glance_heatmap,0.9,
0.2806155071570006,0.4838140854100244,0.27411105075972664,0.17743784127060871,0.441943603614069,0.7262717543987154,glance[heatmap]@0.95,4.660583941605839,0.5974269005847953,136.22869799180418,3.5111614961351734,0.9303103782735208,glance_heatmap,0.95,
0.27342781095143426,0.46945532836122766,0.26727981672063506,0.16961559104971322,0.4311836342428678,0.7510532317063933,glance[heatmap]@0.99,3.2737226277372264,0.41964912280701755,106.45451167808467,3.5731208025916295,0.8543161978661493,glance_heatmap,0.99,
0.28378381890481996,0.48954177299116947,0.2772643344548176,0.17874456086927384,0.4496846833062339,0.7146474649870481,glance[heatmap+edge]@0.5,6.950729927007299,0.8909941520467837,213.817236677947,13.724736495951086,0.9772065955383124,glance_heatmap+edge,0.5,
0.28352510437164513,0.48968413687236784,0.27715199830666387,0.1782922396180686,0.4492758724425363,0.708416691959774,glance[heatmap+edge]@0.7,6.5,0.8332163742690059,203.2879481742311,13.589886860729935,0.9700290979631426,glance_heatmap+edge,0.7,
0.2827852289579313,0.4876050371250707,0.2772026318031533,0.17797442390259627,0.44887127148138767,0.7036165841918228,glance[heatmap+edge]@0.8,6.125912408759124,0.7852631578947369,195.96878667865508,13.53530036502736,0.9644519883608147,glance_heatmap+edge,0.8,
0.28218921569609634,0.4857639864403874,0.2756542195213665,0.1777570136241494,0.44684087455918253,0.71890317957849,glance[heatmap+edge]@0.9,5.476277372262774,0.7019883040935673,182.84376715295048,13.52846386840199,0.9504849660523763,glance_heatmap+edge,0.9,
0.2809151277118894,0.484153492514687,0.275546076999792,0.17779440406886318,0.4424762403639491,0.7030906814115718,glance[heatmap+edge]@0.95,4.817518248175182,0.6175438596491228,149.57396405020685,13.470589050630755,0.9347235693501454,glance_heatmap+edge,0.95,
0.27459624153761225,0.4750542453862692,0.27117798159144557,0.17141252781143768,0.4331370318208801,0.7490309314723854,glance[heatmap+edge]@0.99,3.437956204379562,0.44070175438596493,121.12671733553645,13.858134489148314,0.8743937924345296,glance_heatmap+edge,0.99,
0.2839495128983896,0.48969354706646434,0.277481711240918,0.1788601469785022,0.4497414242956742,0.7150781650306471,glance_evidence@0.2,7.153284671532846,0.9169590643274854,200.64434014553612,0.0,0.9857419980601357,glance_evidence,,0.2
0.2838515681300129,0.4896219234614928,0.27734808277609496,0.17880463762319587,0.4497485292800307,0.714628188747841,glance_evidence@0.5,6.950729927007299,0.8909941520467837,196.63376094823653,0.0,0.9812803103782736,glance_evidence,,0.5
0.2835787374978388,0.4900364344534348,0.27737614428550383,0.17842607837539035,0.4495054226587221,0.7033133890528315,glance_evidence@1.0,6.523722627737226,0.8362573099415205,187.8284063867045,0.0,0.9756062075654705,glance_evidence,,1.0
0.28330592186675846,0.4887878054486105,0.27619269065405677,0.17873931265704365,0.446953374306899,0.6955341292664375,glance_evidence@2.0,5.585766423357664,0.7160233918128655,168.8605598539958,0.0,0.9606692531522794,glance_evidence,,2.0
0.27866004666410976,0.479611732678166,0.2721970384132411,0.17599527186868646,0.43902038255890496,0.6914116616006761,glance_evidence@4.0,3.908759124087591,0.5010526315789474,114.6098817513041,0.0,0.9163433559650824,glance_evidence,,4.0
