AP,AP50,AP75,APs,APm,APl,method,slices_per_img,slice_frac,ms_per_img,small_cov,family,threshold,seed
0.20025700536278976,0.3486916052640127,0.1965176917220214,0.09303314134046618,0.35947767479109793,0.8100734960658875,full_image,0.0,0.0,44.81775109469424,0.0,full,,
0.2839562348912881,0.48947630207069637,0.2789203743791164,0.17881052197685746,0.4492091023517418,0.714645991714727,sahi_uniform,7.8010948905109485,1.0,214.9716755470597,1.0,sahi,,
0.2854348775850193,0.4949547039841706,0.27981105644471405,0.18151925147401984,0.4486011283443286,0.749842889618929,oracle_gt_small,5.945255474452555,0.7621052631578947,177.13320164165432,1.0,oracle,,
0.2840491528245276,0.48966938873562327,0.27898966280280896,0.178768454252765,0.449460096554967,0.7149990382594043,glance[det]@0.1,7.3010948905109485,0.935906432748538,203.18127919633636,0.9833171677982542,glance_det,0.1,
0.28378229284886575,0.48949724447323595,0.2772768996979647,0.17868797574438003,0.4495932993334356,0.7146941574526128,glance[det]@0.3,7.102189781021898,0.9104093567251462,199.15068211619416,0.9797769156159069,glance_det,0.3,
0.28373147391446024,0.48946531126468734,0.27720588280446185,0.17866777571587472,0.44964145997759875,0.7145660810885577,glance[det]@0.5,6.923357664233577,0.8874853801169591,195.34187609426797,0.9753637245392822,glance_det,0.5,
0.283590496662336,0.4893040042218261,0.27703418724225265,0.1783854871029093,0.4495809367505427,0.7141016743027454,glance[det]@0.6,6.817518248175182,0.8739181286549708,193.2540587586118,0.9721144519883608,glance_det,0.6,
0.2835719549512332,0.48932414159246634,0.2769959299605016,0.17830831316776816,0.4491885946894771,0.7139085749840995,glance[det]@0.7,6.678832116788321,0.856140350877193,190.46918850292897,0.970368574199806,glance_det,0.7,
0.28310012229034526,0.4891869815564683,0.27686347150614676,0.17773724553221237,0.44841198963944695,0.7135779223951954,glance[det]@0.8,6.45985401459854,0.8280701754385965,186.28972810211386,0.9671193016488846,glance_det,0.8,
0.2826837637693599,0.48913895799109675,0.2768173777859137,0.1773640850375811,0.44873274908344163,0.7113994628630769,glance[det]@0.85,6.2773722627737225,0.8046783625730994,182.2723583934625,0.9611057225994181,glance_det,0.85,
0.28252432083593354,0.48680191253608773,0.2753789875766606,0.17725460688116726,0.4467756039721533,0.7078672181736734,glance[det]@0.9,6.041970802919708,0.7745029239766081,177.57697025529913,0.955286129970902,glance_det,0.9,
0.28236413866756055,0.48434170782400543,0.2753271249254899,0.17705292637017095,0.4461943025182769,0.7076553132213607,glance[det]@0.93,5.852189781021898,0.7501754385964913,173.88098941554858,0.9518913676042677,glance_det,0.93,
0.2814626659948615,0.4839097184746443,0.2748488825172593,0.176684819636212,0.44476312976106946,0.7066831097701693,glance[det]@0.95,5.642335766423358,0.7232748538011696,169.32157098515242,0.945635305528613,glance_det,0.95,
0.2799338925780451,0.4833217542255136,0.27420397196206914,0.175664095826588,0.44291609215024175,0.7063443512933049,glance[det]@0.97,5.383211678832117,0.6900584795321637,164.206179744339,0.9386032977691562,glance_det,0.97,
0.2793582634059968,0.48076938848322975,0.27234969891930944,0.17529467924377737,0.4411308343653462,0.7080325634077457,glance[det]@0.98,5.160583941605839,0.6615204678362573,140.83746770024746,0.9318137730358875,glance_det,0.98,
0.2782411283029798,0.48048635121756245,0.2720125922265802,0.17387863398055506,0.44004221306550956,0.7122230199280032,glance[det]@0.99,4.799270072992701,0.6152046783625731,133.13938229892662,0.9218234723569351,glance_det,0.99,
0.283943537811854,0.4894638132156372,0.27888403351505614,0.17880357774577887,0.44895413049872346,0.714645991714727,glance[edge]@0.1,7.7846715328467155,0.9978947368421053,223.8927600356894,1.0,glance_edge,0.1,
0.28444884836524015,0.49010385365233633,0.27924610647206466,0.17890371580297487,0.45052836504713706,0.7038244956249888,glance[edge]@0.3,7.631386861313868,0.9782456140350877,221.00343759042397,0.9999515033947624,glance_edge,0.3,
0.2824317802989923,0.4887621361308711,0.27573961256155516,0.17848209861243652,0.44241598687640116,0.6920274578755518,glance[edge]@0.5,6.518248175182482,0.8355555555555556,197.77062262721674,0.9777885548011639,glance_edge,0.5,
0.2727515443200416,0.4711316757549092,0.26713871123172805,0.16981616790042137,0.4289745765652016,0.7208049323388371,glance[edge]@0.6,4.748175182481752,0.6086549707602339,140.92332299210912,0.8655674102812803,glance_edge,0.6,
0.23819758215911413,0.4141536923261759,0.23342553944866137,0.1307966456230195,0.3995103655748018,0.7582900935425552,glance[edge]@0.7,1.9781021897810218,0.25356725146198833,80.33620565643736,0.4415615906886518,glance_edge,0.7,
0.20683654783891475,0.36106724542735524,0.20392971656892928,0.09774089444742869,0.3694144817356261,0.7820991141727339,glance[edge]@0.8,0.291970802919708,0.03742690058479532,45.59099616736822,0.08865179437439379,glance_edge,0.8,
0.20146739384845289,0.3520076819447134,0.19903864857339487,0.09405805243772909,0.36279325535921103,0.7862021220438815,glance[edge]@0.85,0.08576642335766424,0.010994152046783626,41.148741605414806,0.021193016488845782,glance_edge,0.85,
0.20002695382026683,0.3483125555062514,0.19633318023323137,0.09280718606269082,0.35987290876443706,0.8103672359265712,glance[edge]@0.9,0.023722627737226276,0.0030409356725146198,39.93511332049635,0.00024248302618816683,glance_edge,0.9,
0.20000706285172742,0.34829814340198,0.1962547263332099,0.09284628792076988,0.359655007429601,0.8103672359265712,glance[edge]@0.93,0.012773722627737226,0.0016374269005847953,39.73179945175091,0.00024248302618816683,glance_edge,0.93,
0.2002671781562533,0.34873673511091685,0.19654315009244136,0.09302541053969356,0.35974614947515143,0.8100734960658875,glance[edge]@0.95,0.0072992700729927005,0.0009356725146198831,39.86199361278636,9.699321047526673e-05,glance_edge,0.95,
0.20025700536278976,0.3486916052640127,0.1965176917220214,0.09303314134046618,0.35947767479109793,0.8100734960658875,glance[edge]@0.97,0.0018248175182481751,0.00023391812865497077,39.482883211421985,0.0,glance_edge,0.97,
0.20025700536278976,0.3486916052640127,0.1965176917220214,0.09303314134046618,0.35947767479109793,0.8100734960658875,glance[edge]@0.98,0.0018248175182481751,0.00023391812865497077,39.44032134996055,0.0,glance_edge,0.98,
0.20025700536278976,0.3486916052640127,0.1965176917220214,0.09303314134046618,0.35947767479109793,0.8100734960658875,glance[edge]@0.99,0.0018248175182481751,0.00023391812865497077,39.81796806522778,0.0,glance_edge,0.99,
0.2839445145270883,0.48946893616888987,0.27888528368694937,0.17880543269259855,0.44895605559855245,0.714645991714727,glance[spectral]@0.1,7.771897810218978,0.9962573099415205,221.95366605765028,1.0,glance_spectral,0.1,
0.28308694823358915,0.48956690896157845,0.27646934975721715,0.17816470564993417,0.44699029477183205,0.714490751249838,glance[spectral]@0.3,7.412408759124087,0.9501754385964912,214.7733494518839,0.9940349175557711,glance_spectral,0.3,
0.27313205046854394,0.4727493793089,0.2669778394332892,0.16812867858250388,0.4324162558616837,0.7040727962236661,glance[spectral]@0.5,6.025547445255475,0.7723976608187134,184.0222629557668,0.8963142580019399,glance_spectral,0.5,
0.26192312179996474,0.45439721389601406,0.2552670791464626,0.15566432610819958,0.42307008539824004,0.7167148019182108,glance[spectral]@0.6,4.877737226277373,0.6252631578947369,141.35623102156651,0.7715324927255092,glance_spectral,0.6,
0.24719538329188173,0.43028467067002407,0.24045940621811468,0.13867855324012932,0.4075074636545388,0.7192501164054356,glance[spectral]@0.7,3.4762773722627736,0.4456140350877193,110.51116715318966,0.598545101842871,glance_spectral,0.7,
0.228145885058079,0.3960396458152936,0.22385604428097652,0.11675915697907278,0.3936422265086495,0.7496388847980046,glance[spectral]@0.8,1.9507299270072993,0.25005847953216376,78.49003065651091,0.3394277400581959,glance_spectral,0.8,
0.21867958517855438,0.37966094298239206,0.2135246951086613,0.10718438987863149,0.3815294583961044,0.7618232974068215,glance[spectral]@0.85,1.2846715328467153,0.16467836257309942,64.63962244525267,0.21770126091173617,glance_spectral,0.85,
0.20996970011502622,0.3662040173439397,0.2068627971718809,0.09988969099753811,0.3709581086604382,0.7790421303922009,glance[spectral]@0.9,0.7226277372262774,0.09263157894736843,53.47406788315729,0.11988360814742968,glance_spectral,0.9,
0.20687589266004316,0.3602399705791803,0.20335364693716157,0.097583793060381,0.3673461221226903,0.7802612781158051,glance[spectral]@0.93,0.4416058394160584,0.05660818713450293,47.11988266398871,0.07725509214354995,glance_spectral,0.93,
0.20283189353487557,0.3540900672602573,0.19870657647995052,0.0941914607196075,0.3642063332313777,0.8000790703405609,glance[spectral]@0.95,0.24817518248175183,0.03181286549707602,43.23007372279318,0.04466537342386033,glance_spectral,0.95,
0.2012590283824508,0.3511502072798009,0.19827063754742053,0.09311917761815379,0.3614012773001912,0.8019848859750444,glance[spectral]@0.97,0.10583941605839416,0.013567251461988304,39.98124890516335,0.015906886517943745,glance_spectral,0.97,
0.20052864409702054,0.34811261522750925,0.19851415365197422,0.09351552882823724,0.36058579030713683,0.8102900822245218,glance[spectral]@0.98,0.06204379562043796,0.007953216374269005,38.911099087405084,0.006353055286129971,glance_spectral,0.98,
0.1999124332077126,0.34799440722834085,0.19633254582739137,0.09300773656122804,0.36077421402279,0.8102675176847428,glance[spectral]@0.99,0.043795620437956206,0.005614035087719298,38.63769416075627,0.002909796314258002,glance_spectral,0.99,
0.2840030362312514,0.48954094571909823,0.27897319120058883,0.17881052197685746,0.4492091023517418,0.714971161389999,glance[det+edge]@0.1,7.740875912408759,0.992280701754386,223.73410036409146,1.0,glance_det+edge,0.1,
0.284095517838557,0.48968756691728343,0.27908695689299684,0.17881571866593016,0.4497612629499382,0.7149990382594043,glance[det+edge]@0.3,7.2536496350364965,0.9298245614035088,212.4866552909411,0.9831231813773036,glance_det+edge,0.3,
0.28375909485729844,0.4894708372269257,0.27722507801780716,0.17869836882101134,0.44959168067819977,0.714585489730521,glance[det+edge]@0.5,7.04014598540146,0.9024561403508772,207.84461587515784,0.9782250242483026,glance_det+edge,0.5,
0.28373011664627196,0.48946838423156064,0.2772102278887037,0.1786667979825518,0.44962459977776426,0.7145660810885577,glance[det+edge]@0.6,6.914233576642336,0.8863157894736842,204.92454452429945,0.9753637245392822,glance_det+edge,0.6,
0.2836124395305843,0.4894218103733418,0.2770117987146112,0.17840716883835755,0.44919813315634194,0.7141307669023844,glance[det+edge]@0.7,6.75,0.8652631578947368,201.99039105718307,0.9711445198836082,glance_det+edge,0.7,
0.28329446372493033,0.4892844069906467,0.27691349135605353,0.17793934377440274,0.4489270320256466,0.7139122466986689,glance[det+edge]@0.8,6.5583941605839415,0.840701754385965,197.94678156803502,0.9687681862269641,glance_det+edge,0.8,
0.28291064086848017,0.48915608793030235,0.2768837227619553,0.17775487464346876,0.4484693071850482,0.71363925983205,glance[det+edge]@0.85,6.408759124087592,0.8215204678362573,194.78942591172367,0.9651794374393793,glance_det+edge,0.85,
0.2827152774763643,0.4869109789265002,0.2767957675968885,0.1774857799053794,0.4480809165339775,0.7108702887870068,glance[det+edge]@0.9,6.162408759124087,0.7899415204678363,189.61098321113798,0.9582929194956353,glance_det+edge,0.9,
0.2824306819270563,0.48667728502735547,0.2753381492502871,0.177132678468107,0.44662230451333573,0.7078945603771474,glance[det+edge]@0.93,5.961678832116788,0.7642105263157895,185.8218056560846,0.9542677012609118,glance_det+edge,0.93,
0.2817824354300637,0.48408484764168286,0.2751703189775854,0.17717539066265853,0.4451724792161937,0.707308196520819,glance[det+edge]@0.95,5.742700729927007,0.736140350877193,180.27841003566436,0.9491270611057226,glance_det+edge,0.95,
0.28025433035858477,0.48339981303689106,0.27429650360252195,0.1760340360699894,0.4434317560714754,0.7066298445033057,glance[det+edge]@0.97,5.4799270072992705,0.7024561403508772,177.32189196974176,0.9396217264791464,glance_det+edge,0.97,
0.279613930170287,0.48299703447251996,0.2738630675968174,0.17525735619501281,0.4414049566294955,0.7064632743441647,glance[det+edge]@0.98,5.282846715328467,0.6771929824561403,154.77042992661552,0.9351115421920465,glance_det+edge,0.98,
0.2790122708974898,0.48088207991271803,0.2721857589150162,0.17459083169091053,0.4404090489912763,0.7122219256259377,glance[det+edge]@0.99,4.903284671532846,0.6285380116959064,147.29111569284174,0.9258486905916585,glance_det+edge,0.99,
0.2839765854576827,0.4895217286402655,0.2789362016061927,0.17881052197685746,0.44930707727528313,0.714645991714727,glance[det+spectral]@0.1,7.731751824817518,0.9911111111111112,223.18274397760956,0.9999030067895247,glance_det+spectral,0.1,
0.2840926033823839,0.4896857862776982,0.27907139491076344,0.17881228103033478,0.44976131911582484,0.7150010950429907,glance[det+spectral]@0.3,7.257299270072993,0.9302923976608187,211.86312664146507,0.9836566440349176,glance_det+spectral,0.3,
0.2838190889628336,0.4895560194768207,0.2772885106577365,0.178708106761777,0.44974725064752513,0.7146977821251799,glance[det+spectral]@0.5,7.047445255474453,0.9033918128654971,208.09825419591286,0.978709990300679,glance_det+spectral,0.5,
0.28374344739755225,0.4894688236378842,0.27721123630399036,0.17869546681458257,0.44962062518730195,0.7145660810885577,glance[det+spectral]@0.6,6.928832116788321,0.888187134502924,206.0151912407033,0.976576139670223,glance_det+spectral,0.6,
0.28364621901163817,0.48947746871511166,0.27704071419342696,0.17842835051636596,0.449198811770882,0.7146203049107155,glance[det+spectral]@0.7,6.771897810218978,0.8680701754385964,202.4257777366672,0.9718719689621726,glance_det+spectral,0.7,
0.28325059211740466,0.4892897226561994,0.2768917577130897,0.17798577023720052,0.4485430866542328,0.7135435234393881,glance[det+spectral]@0.8,6.560218978102189,0.8409356725146199,198.37119178781154,0.9689621726479146,glance_det+spectral,0.8,
0.28287124891356075,0.48920379882202,0.2768276570100424,0.17770320419034935,0.4484451056273272,0.7136366371954409,glance[det+spectral]@0.85,6.405109489051095,0.8210526315789474,194.73513266393306,0.9657613967022308,glance_det+spectral,0.85,
0.2826245982215491,0.4868141897782428,0.27666780620114434,0.17746860611582024,0.44795567874092085,0.7113066629380638,glance[det+spectral]@0.9,6.166058394160584,0.7904093567251462,212.47519981768767,0.9582929194956353,glance_det+spectral,0.9,
0.2824777817641004,0.48672378073941236,0.27538494316236944,0.17714419040154522,0.44674004129270917,0.7080431215932824,glance[det+spectral]@0.93,5.967153284671533,0.7649122807017544,184.93146678841444,0.9542677012609118,glance_det+spectral,0.93,
0.2817404027156666,0.4840498018239288,0.2751151401497398,0.1771049687525489,0.44516640744926017,0.7073112462229515,glance[det+spectral]@0.95,5.7463503649635035,0.7366081871345029,180.30420474416087,0.9491755577109602,glance_det+spectral,0.95,
0.28025296858391824,0.48339916746520534,0.2743021473748542,0.1759990165143216,0.4434115567421667,0.706754102135109,glance[det+spectral]@0.97,5.5,0.7050292397660819,175.62938558391718,0.9395247332686711,glance_det+spectral,0.97,
0.2797032060340073,0.4831246190359053,0.27396601244134444,0.1755317632997859,0.44141917392889074,0.7064635622199807,glance[det+spectral]@0.98,5.297445255474453,0.6790643274853801,152.06061770057565,0.9362269641125122,glance_det+spectral,0.98,
0.27913439971357645,0.48095087979753415,0.2723139899661266,0.17459580423075935,0.4406534825587164,0.7100313629672502,glance[det+spectral]@0.99,4.916058394160584,0.6301754385964913,144.00522755433988,0.926721629485936,glance_det+spectral,0.99,
0.28391378580435667,0.48953438501001945,0.2788385681268671,0.17886600690082463,0.4494762942464891,0.7133854574750438,random_matched@0.1#s0,7.740875912408759,0.992280701754386,212.56716788263017,0.9984966052376334,random,0.1,0.0
0.28395124169715275,0.4895436543833796,0.27910095078317787,0.17860712991934186,0.44888679081561206,0.7253202120499975,random_matched@0.1#s1,7.740875912408759,0.992280701754386,213.2193206200936,0.9983996120271581,random,0.1,1.0
0.28357724095182274,0.4891855908662622,0.27891430476599854,0.17815629465050853,0.4487584851674715,0.726027586480849,random_matched@0.1#s2,7.740875912408759,0.992280701754386,212.98045894114813,0.9958777885548011,random,0.1,2.0
0.2824425284355542,0.48898759059967184,0.27609141683890726,0.176328268792041,0.4471503575761454,0.7009451172141641,random_matched@0.3#s0,7.2536496350364965,0.9298245614035088,201.67319671470008,0.9742483026188167,random,0.3,0.0
0.2829166721378105,0.4888746284646806,0.2763563457846854,0.17770022192040977,0.44763883626170875,0.6985792365910174,random_matched@0.3#s1,7.2536496350364965,0.9298245614035088,202.11765164183643,0.9753637245392822,random,0.3,1.0
0.2829472169118232,0.48902671318131147,0.2765066748210633,0.17723838157269217,0.44734461199764913,0.7172216428330501,random_matched@0.3#s2,7.2536496350364965,0.9298245614035088,202.8231399629204,0.976576139670223,random,0.3,2.0
0.2811898151631693,0.48335000838435305,0.2743685376115053,0.17515714898030132,0.44566155771432037,0.7192883460016452,random_matched@0.5#s0,7.04014598540146,0.9024561403508772,198.34269908694236,0.9584384093113482,random,0.5,0.0
0.28192549701345776,0.4883995463992842,0.2743164627920415,0.17651032740336584,0.4448875393906242,0.6873357862788797,random_matched@0.5#s1,7.04014598540146,0.9024561403508772,197.77154470733356,0.9624636275460717,random,0.5,1.0
0.2823767829672924,0.48908539408757806,0.27607956862657346,0.17642461161895143,0.44580104962173467,0.7157943081412304,random_matched@0.5#s2,7.04014598540146,0.9024561403508772,197.96467572965798,0.9651309408341416,random,0.5,2.0
0.2808925653566195,0.48308072562128573,0.2735140061605839,0.17533921599710586,0.44368000528855744,0.6984523352962212,random_matched@0.6#s0,6.914233576642336,0.8863157894736842,195.40774999941075,0.9531037827352086,random,0.6,0.0
0.2791572987012975,0.48196525157151976,0.272763519873075,0.17417854075906333,0.44208557907841306,0.702989138930046,random_matched@0.6#s1,6.914233576642336,0.8863157894736842,195.34356788235326,0.949078564500485,random,0.6,1.0
0.28123537297200185,0.4835137810828969,0.2741605663997797,0.1750649412241917,0.4457313836222533,0.7035569613738183,random_matched@0.6#s2,6.914233576642336,0.8863157894736842,195.7305206199562,0.9553346265761397,random,0.6,2.0
0.27998788688060194,0.4826180523443484,0.27322521691147966,0.17370071946835208,0.44520717844312124,0.7072017747391657,random_matched@0.7#s0,6.75,0.8652631578947368,192.13341697032925,0.9444713870029098,random,0.7,0.0
0.2798959917953931,0.4826891274016057,0.27295563167885845,0.17459186775433003,0.44122780883044377,0.7103172378681248,random_matched@0.7#s1,6.75,0.8652631578947368,191.990526824329,0.9481571290009699,random,0.7,1.0
0.2800588853296319,0.48229744335126307,0.2732526191379332,0.17411191827755448,0.44449252121136595,0.686513248059306,random_matched@0.7#s2,6.75,0.8652631578947368,191.96890656950302,0.9496605237633365,random,0.7,2.0
0.27890893303673364,0.4818444667197262,0.2724942891346725,0.1730889362017935,0.44245547427656884,0.70214588233731,random_matched@0.8#s0,6.5583941605839415,0.840701754385965,188.3088025543212,0.9451503394762366,random,0.8,0.0
0.2781865288291231,0.4811826866359952,0.2707335819951622,0.17210009308965096,0.44313241082122157,0.7078958976327933,random_matched@0.8#s1,6.5583941605839415,0.840701754385965,187.7668408750432,0.9392337536372454,random,0.8,1.0
0.2783176306602666,0.48170450150855804,0.2703535995917521,0.17236790790958434,0.44091502213618866,0.6903115644213285,random_matched@0.8#s2,6.5583941605839415,0.840701754385965,188.17310620401602,0.9382153249272551,random,0.8,2.0
0.2763640808859058,0.4778639155256441,0.2698508722681133,0.17101965004504494,0.4398798536257188,0.7163478124125489,random_matched@0.85#s0,6.408759124087592,0.8215204678362573,184.78199124118387,0.9227934044616877,random,0.85,0.0
0.2769545874317671,0.47872388979856034,0.27027506600873036,0.1710655652103879,0.44257924803220955,0.6873904354255826,random_matched@0.85#s1,6.408759124087592,0.8215204678362573,185.2572377731095,0.9269156159068865,random,0.85,1.0
0.27822917776822403,0.4818415335029515,0.2707111129505241,0.17229291867387905,0.44129987697469725,0.7036166571442409,random_matched@0.85#s2,6.408759124087592,0.8215204678362573,184.8417229917872,0.9370999030067895,random,0.85,2.0
0.2751397651482047,0.47524173690773003,0.2688924023840213,0.1696528088719339,0.4380577611885814,0.7425195571866999,random_matched@0.9#s0,6.162408759124087,0.7899415204678363,179.73160711630123,0.911105722599418,random,0.9,0.0
0.2760113250484013,0.4758222440949093,0.26930265631911543,0.16984303340148058,0.44046529507226667,0.7063198410182985,random_matched@0.9#s1,6.162408759124087,0.7899415204678363,179.48587353947894,0.9065955383123181,random,0.9,1.0
0.27615353693699196,0.47520560856531197,0.2700419618323659,0.1691970106820786,0.43927293916383414,0.7006966941933358,random_matched@0.9#s2,6.162408759124087,0.7899415204678363,179.47725529089826,0.9159068865179437,random,0.9,2.0
0.2738888267163802,0.4752400835074486,0.2677919388409282,0.16985916702851014,0.43812650164017813,0.7042569851592491,random_matched@0.93#s0,5.961678832116788,0.7642105263157895,175.70793010894783,0.9025703200775945,random,0.93,0.0
0.2737249976127567,0.47467699313420686,0.2690419046208837,0.1688636783122394,0.4378459039207634,0.7131277349280375,random_matched@0.93#s1,5.961678832116788,0.7642105263157895,175.92276569280497,0.9028128031037828,random,0.93,1.0
0.2764075773507365,0.4768210397849221,0.26942611047262566,0.17140875523465576,0.4399237139342567,0.6855641097013849,random_matched@0.93#s2,5.961678832116788,0.7642105263157895,175.75744963408786,0.915082444228904,random,0.93,2.0
0.269731728642033,0.4675914179543267,0.26322216068525595,0.16461903554890384,0.43449607784965605,0.6940819669724876,random_matched@0.95#s0,5.742700729927007,0.736140350877193,170.7004883214689,0.8722599418040737,random,0.95,0.0
0.27263817277017305,0.4721401265777616,0.26514173709843447,0.1674591084083546,0.4372815071534255,0.7416607605107147,random_matched@0.95#s1,5.742700729927007,0.736140350877193,171.19808704355953,0.8849660523763336,random,0.95,1.0
0.272618155540468,0.4742985934090754,0.265098976513092,0.16801524378398924,0.43590981781421156,0.7380661674118806,random_matched@0.95#s2,5.742700729927007,0.736140350877193,171.13438558311307,0.894568380213385,random,0.95,2.0
0.2698598648098952,0.46811627507689735,0.2630467555744642,0.1650839130824442,0.4335459746263951,0.7521199821430626,random_matched@0.97#s0,5.4799270072992705,0.7024561403508772,165.18122098507635,0.8645974781765277,random,0.97,0.0
0.2694749365703127,0.46773240981465736,0.26312617428713875,0.164255883043205,0.43388667826386124,0.6894767661992309,random_matched@0.97#s1,5.4799270072992705,0.7024561403508772,165.0482720795175,0.8620756547041707,random,0.97,1.0
0.2706469071887577,0.47052400349485757,0.2637459692592282,0.1662757685907048,0.4346041046662335,0.7190321650819601,random_matched@0.97#s2,5.4799270072992705,0.7024561403508772,165.49017335770245,0.8733753637245393,random,0.97,2.0
0.2701130234335751,0.46841952228272216,0.2641589288221253,0.16380506037695614,0.43594215724784663,0.7147022449379574,random_matched@0.98#s0,5.282846715328467,0.6771929824561403,161.09185620381757,0.8606692531522794,random,0.98,0.0
0.26929948676682897,0.4677021141084522,0.2638631952567845,0.16388661706188326,0.43419308617487584,0.7374001649114372,random_matched@0.98#s1,5.282846715328467,0.6771929824561403,142.85021021783825,0.852376333656644,random,0.98,1.0
0.2704786735722201,0.46872501385518195,0.26401683505971885,0.1642092312115103,0.4351593682046709,0.7371843328667802,random_matched@0.98#s2,5.282846715328467,0.6771929824561403,161.37828321208778,0.8579049466537343,random,0.98,2.0
0.26588404569924606,0.4630043321158878,0.25954405086822496,0.15985577343242743,0.4293443551977724,0.7240723602639831,random_matched@0.99#s0,4.903284671532846,0.6285380116959064,152.3447744523625,0.8344325897187197,random,0.99,0.0
0.26700781885496705,0.46433280091453777,0.259938507098427,0.1613001091616735,0.42994253497627355,0.7399876389977186,random_matched@0.99#s1,4.903284671532846,0.6285380116959064,153.53799105815617,0.8254607177497575,random,0.99,1.0
0.26639954474144695,0.4636833101175345,0.25962759439108485,0.15982387171447737,0.4326909517158262,0.7260047548062983,random_matched@0.99#s2,4.903284671532846,0.6285380116959064,135.35271058410123,0.8260426770126091,random,0.99,2.0
