AP,AP50,AP75,APs,APm,APl,AP_maxdet100,method,slices_per_img,slice_frac,ms_per_img,ms_extra,small_cov,family,threshold,tau
0.34875243121748717,0.5607704323547239,0.3688908786818084,0.13022852633806695,0.32875771853254476,0.5344193423532722,0.3188187228021956,full_image,0.0,0.0,56.130825327511054,0.0,0.0,full,,
0.48698839379449066,0.7568434416254247,0.5246767950302996,0.31814921915769206,0.5005255805347006,0.56426956820941,0.4131272909095464,sahi_uniform,11.602620087336245,1.0,281.79029475996174,0.0,1.0,sahi,,
0.44529720108434423,0.7113522518925153,0.48060648471376194,0.3331615372293735,0.43573508813596906,0.533405284628549,0.3787930325036843,oracle_gt_small,2.663755458515284,0.22958223560406474,105.732251310175,0.0,1.0,oracle,,
0.47826326390009083,0.7373535316159111,0.5177355588801414,0.3083076485965971,0.49253007723090436,0.5625819665178717,0.4048623446949552,glance[det]@0.1,7.351528384279476,0.6336093338351524,201.86872947604127,0.0,0.9790124531916746,glance_det,0.1,
0.4661039316528567,0.7130515803910379,0.5065211800492079,0.28881499817339273,0.4847335572698797,0.5592631987940955,0.3937351637958073,glance[det]@0.3,6.401746724890829,0.5517500940910801,183.3458320960939,0.0,0.9555865192022991,glance_det,0.3,
0.4571416070163193,0.698321712881559,0.49689905257641104,0.28342329285712686,0.4752396147405817,0.5512944357347971,0.38492827063550755,glance[det]@0.5,5.906113537117904,0.5090327436958977,173.062237991506,0.0,0.9399982582948707,glance_det,0.5,
0.4526191250839983,0.6899370249357045,0.49488071707537257,0.27345364679546985,0.4673998388592969,0.5506095799705298,0.38076036339409225,glance[det]@0.6,5.64410480349345,0.48645088445615353,167.35180917042402,0.0,0.933815205085779,glance_det,0.6,
0.4463344922044479,0.6796237469044445,0.4881660737851513,0.2495041712115259,0.46341673331852634,0.5471739411692359,0.37471265056857,glance[det]@0.7,5.395196506550218,0.4649981181783967,162.7452467249395,0.0,0.9136985108421144,glance_det,0.7,
0.43758602051411916,0.6646601907875546,0.48072078248237876,0.2297688995389273,0.44462053293511067,0.5466089200594839,0.3660028698345894,glance[det]@0.8,5.041484716157205,0.4345126082047422,155.59652139748772,0.0,0.9019420012191935,glance_det,0.8,
0.4332434605186347,0.6574913067879543,0.47553997419980126,0.22642199853503786,0.43624809155685873,0.5462090767869929,0.3617637923241203,glance[det]@0.85,4.868995633187773,0.41964621753857734,152.4901072052393,0.0,0.9001132108334059,glance_det,0.85,
0.42855409239872166,0.6512981350332507,0.46919961231353957,0.22419414039342478,0.424373826041882,0.5466421333648469,0.3571389001166819,glance[det]@0.9,4.358078602620087,0.3756115920210764,141.81151179039315,0.0,0.8929722198031873,glance_det,0.9,
0.42629191658844007,0.6485299390446814,0.4666501953189377,0.22254040086803473,0.4221650064651601,0.5456385155217874,0.3547025515739714,glance[det]@0.93,4.139737991266376,0.35679337598795635,137.30934934509443,0.0,0.888356701210485,glance_det,0.93,
0.42459351552199165,0.64670708682787,0.4635477633523303,0.22035507497097925,0.419117501678096,0.5465547978941467,0.35298330863894883,glance[det]@0.95,4.0196506550218345,0.3464433571697403,135.9109187773531,0.0,0.8855699730035705,glance_det,0.95,
0.4222048782581394,0.6415843535445985,0.463100818512598,0.22055426681519796,0.4126305188881204,0.5489403310921664,0.35079206826642045,glance[det]@0.97,3.8275109170305677,0.32988332706059464,131.95964716165952,0.0,0.882957415309588,glance_det,0.97,
0.41999181501556354,0.6395045580908575,0.46065006416560444,0.22037716461126364,0.40973069415976887,0.5488872660791421,0.3484604797848931,glance[det]@0.98,3.665938864628821,0.31595784719608583,128.8012556770138,0.0,0.88069319864147,glance_det,0.98,
0.41893158145824727,0.6385639950714053,0.4578779547358584,0.2193690639763228,0.4085306046922793,0.5556669829152787,0.3477354462996468,glance[det]@0.99,3.3449781659388647,0.2882950696273993,122.06831200889876,0.0,0.8766872768440304,glance_det,0.99,
0.477416104689753,0.7399869518419959,0.5170676393460861,0.30423271566755195,0.49321354221557373,0.557436671487668,0.40559454660271893,glance[edge]@0.5,7.687772925764192,0.6625893865261573,228.0921344979769,20.965430349308928,0.9491422102238091,glance_edge,0.5,
0.4220883796424512,0.6588762243463655,0.45865500711503865,0.24054916712090155,0.4134795214418874,0.5398470899771128,0.364316437144231,glance[edge]@0.7,2.6026200873362444,0.22431313511479112,126.27251790399896,20.965430349308928,0.5895671862753635,glance_edge,0.7,
0.37724557406588927,0.5970139882868664,0.40555282930657344,0.15705070225569295,0.36446899606184363,0.5345351950086792,0.33593069927432695,glance[edge]@0.8,0.8842794759825328,0.07621377493413624,88.54838908301768,20.965430349308928,0.19420012191935906,glance_edge,0.8,
0.35471012517985284,0.5658508979157906,0.3775955946979249,0.13456341521516718,0.33558838518608,0.5312400769812422,0.3211585801518715,glance[edge]@0.9,0.2554585152838428,0.02201731275875047,74.26408187776524,20.965430349308928,0.02952190194200122,glance_edge,0.9,
0.35086542707304746,0.5626022370536712,0.37200321961018074,0.1335011558234468,0.33189591149942627,0.5314179305119967,0.32054619252487687,glance[edge]@0.95,0.11353711790393013,0.00978547233722243,71.26410895193757,20.965430349308928,0.008447269877209788,glance_edge,0.95,
0.35069080905556455,0.5620363183724107,0.37232164924060696,0.13311476357862143,0.3320584668113333,0.5311503297073262,0.3204501090251791,glance[edge]@0.99,0.06768558951965066,0.005833646970267219,70.17138689956894,20.965430349308928,0.007489332056082905,glance_edge,0.99,
0.48692837821277196,0.7569213631793192,0.5246494012486191,0.3180616062849734,0.5005931297863979,0.5642312296548495,0.41302465404714056,glance[det+edge]@0.1,10.707423580786026,0.9228453142642078,285.83149825351535,20.965430349308928,0.9996516589741357,glance_det+edge,0.1,
0.4763396557640455,0.7330816266893068,0.5154985787448474,0.3070198786295737,0.4910496594393519,0.5615168654621903,0.4032251075745618,glance[det+edge]@0.3,7.0524017467248905,0.607828377869778,216.60608558951586,20.965430349308928,0.9764869807541583,glance_det+edge,0.3,
0.464419779282591,0.7098779055490226,0.505020555201503,0.2876200606941233,0.4826944983682943,0.5585153004398391,0.3920771201171776,glance[det+edge]@0.5,6.17467248908297,0.5321791494166354,200.54368078614286,20.965430349308928,0.9502743185578681,glance_det+edge,0.5,
0.4561108084698661,0.6967816011362644,0.49690378898472404,0.27923830667795957,0.4736786577220987,0.5517349632332736,0.38403503268181166,glance[det+edge]@0.6,5.8406113537117905,0.5033872788859616,192.51251724892037,20.965430349308928,0.9391274057302099,glance_det+edge,0.6,
0.4518396069966451,0.6887363571478703,0.49447140576269333,0.2726856747426234,0.46621788723956126,0.5499678238741268,0.37998254106081586,glance[det+edge]@0.7,5.567685589519651,0.47986450884456155,186.67196288218622,20.965430349308928,0.9322476704693895,glance_det+edge,0.7,
0.4439817534035619,0.6749840099792096,0.4865001176860057,0.24415909360855015,0.4601191810050847,0.5461604412560916,0.37246706467383883,glance[det+edge]@0.8,5.22707423580786,0.45050809183289425,180.05418296955145,20.965430349308928,0.9106505268658016,glance_det+edge,0.8,
0.4361251830754592,0.6625144535580949,0.4792777893766432,0.22667379605142493,0.44218239191708936,0.5465881545165606,0.36449614709235756,glance[det+edge]@0.85,4.978165938864628,0.42905532555513737,175.19809017472437,20.965430349308928,0.9011582339109989,glance_det+edge,0.85,
0.4311925273029429,0.6544897518671623,0.47343070537573195,0.22607818058866577,0.43207841526351937,0.544748873873101,0.3596273871796653,glance[det+edge]@0.9,4.602620087336245,0.3966879939781709,167.80231004365135,20.965430349308928,0.8972393973700252,glance_det+edge,0.9,
0.42788310088029125,0.6507334319998634,0.46836904633407445,0.22358548514357512,0.42351440470219565,0.5468441072930883,0.35628428757760233,glance[det+edge]@0.93,4.251091703056769,0.36639066616484756,160.42566506555045,20.965430349308928,0.8916659409561961,glance_det+edge,0.93,
0.4255817218246338,0.6473889815248441,0.4652536597277107,0.22232307221875638,0.42097590444749444,0.5467400691627934,0.35404150315726546,glance[det+edge]@0.95,4.091703056768559,0.3526533684606699,157.23252794757516,20.965430349308928,0.8873987633893582,glance_det+edge,0.95,
0.4229958760254217,0.643873707170643,0.46211910043334103,0.2212126424559618,0.41397141958456596,0.5489045896886402,0.3514900729821279,glance[det+edge]@0.97,3.8820960698689957,0.33458788106887466,152.91526091719018,20.965430349308928,0.8836540973613167,glance_det+edge,0.97,
0.42090220525015326,0.6396944606799387,0.46176650596264973,0.2204441730718531,0.40999866796699064,0.5497622354846368,0.3493863749403006,glance[det+edge]@0.98,3.7379912663755457,0.32216785848701546,150.15006768583203,20.965430349308928,0.8816511364625969,glance_det+edge,0.98,
0.4188035730767003,0.6389651274303891,0.4580270919429744,0.21963276623897365,0.4096564922768027,0.55298875951982,0.3475875390938371,glance[det+edge]@0.99,3.432314410480349,0.2958223560406473,144.8494803494154,20.965430349308928,0.8768614473569625,glance_det+edge,0.99,
0.47267310993217754,0.7260040450832467,0.5123167398916058,0.2988364070738402,0.4898191109780591,0.5611078771213639,0.4000313833250317,glance_evidence@0.2,6.652838427947598,0.5733910425291683,187.87711004371258,0.0,0.9645563006183053,glance_evidence,,0.2
0.46022632124148805,0.7043786891011191,0.4994378168668985,0.28507606924233975,0.48005381637089917,0.5524424740109845,0.38801445780136384,glance_evidence@0.5,5.949781659388647,0.5127963869025216,174.05997838439237,0.0,0.9430462422711835,glance_evidence,,0.5
0.4459164958865475,0.6792612056646921,0.48700189986074094,0.24747982519251457,0.4628700693819702,0.5472269128931769,0.3741564670408194,glance_evidence@1.0,4.829694323144105,0.4162589386526157,151.18016069871723,0.0,0.9130889140468519,glance_evidence,,1.0
0.42877736132761674,0.6526535397000095,0.4697522572431316,0.2256511503025354,0.4254560375977722,0.5553183531294367,0.3572897213968691,glance_evidence@2.0,3.836244541484716,0.33063605570191945,130.9229707423988,0.0,0.8901854915962728,glance_evidence,,2.0
0.42559801540430375,0.6481307619948571,0.46338008326416896,0.2191835495299763,0.4200581512364592,0.5587166389903069,0.3546221788005866,glance_evidence@4.0,2.945414847161572,0.2538577342867896,113.62453362458463,0.0,0.8791256640250805,glance_evidence,,4.0
