AP,AP50,AP75,APs,APm,APl,AP_maxdet100,method,slices_per_img,slice_frac,ms_per_img,ms_extra,small_cov,dataset,base
0.47079285625200684,0.7869147826657334,0.46614354247055356,0.393238602305951,0.5954478294720311,0.7782484315872076,0.4631658162563226,sahi,7.8010948905109485,1.0,272.441309305179,0.0,1.0,visdrone_ft,sahi
0.46778236879917623,0.7846374960166618,0.4631061288049408,0.3916148643139348,0.5902318129263583,0.7718371891302871,0.46077628126987685,sahi+prune0.1,5.286496350364963,0.6776608187134503,197.15854324784192,0.29559197097831497,0.9922890397672163,visdrone_ft,sahi
0.46736144141700514,0.7843216862444358,0.46258109211873044,0.3914066812182264,0.5896238701330504,0.7720324395123687,0.4601282323565199,sahi+prune0.2,5.206204379562044,0.6673684210526316,195.00183558355369,0.35330583962797096,0.9913191076624637,visdrone_ft,sahi
0.4519565552425115,0.7634116477105645,0.4453581536036608,0.3675417527981372,0.5866656125514226,0.7648539685447525,0.4452049017841195,sahi+random_drop(=prune0.1),5.286496350364963,0.6776608187134503,194.5389372251329,0.0,0.8516488845780795,visdrone_ft,sahi
0.4709283563760059,0.7873783325258968,0.46621504814171094,0.39311724655333496,0.594977742444818,0.7892264405834155,0.4633012533443686,glance@0.9,7.063868613138686,0.9054970760233918,250.89109580200457,0.0,0.9991755577109602,visdrone_ft,glance@0.9
0.4679398000878655,0.7849380689185901,0.4631646542607667,0.3917090186575376,0.5901805317138213,0.7828740914767683,0.46093289967999246,glance@0.9+prune0.1,4.797445255474453,0.6149707602339182,182.85296496257092,0.27531788300023496,0.9916585838991271,visdrone_ft,glance@0.9
0.46766060469579585,0.7849166906475601,0.46267758883287075,0.3918392650245343,0.5893915796046868,0.7830141575094474,0.460620287880194,glance@0.9+prune0.2,4.755474452554744,0.6095906432748538,181.12827737178475,0.278474635255088,0.991270611057226,visdrone_ft,glance@0.9
0.45437975025329286,0.7655196312445698,0.4466029676078085,0.3718278561076802,0.5870461954250117,0.7877614033083699,0.447405294825033,glance@0.9+random_drop(=prune0.1),4.797445255474453,0.6149707602339182,180.79989762668944,0.0,0.86639185257032,visdrone_ft,glance@0.9
0.47098201071807133,0.7875282033816957,0.46607301621979247,0.3924137435829854,0.5947114693619316,0.7921906866127542,0.4633826243273935,glance@0.99,6.489051094890511,0.831812865497076,233.51095985299585,0.0,0.9962172647914646,visdrone_ft,glance@0.99
0.4678745196292024,0.7850016808786605,0.46282372783356246,0.39069623067529163,0.5900839813723034,0.7854733334520965,0.46088519251157384,glance@0.99+prune0.1,4.405109489051095,0.5646783625730994,171.2840131376851,0.29249616782712057,0.9887487875848691,visdrone_ft,glance@0.99
0.4672497619848705,0.7847997760510346,0.46034841207634364,0.3906433661276835,0.5888602214914274,0.7853267718370813,0.46020418035671684,glance@0.99+prune0.2,4.372262773722627,0.5604678362573099,170.12508357623844,0.25031514647760916,0.9883123181377304,visdrone_ft,glance@0.99
0.4563357142854173,0.7705485327909711,0.45018658581972065,0.37324845022933756,0.5894699915670657,0.7758691084099547,0.4496004240874771,glance@0.99+random_drop(=prune0.1),4.405109489051095,0.5646783625730994,169.3075742690661,0.0,0.8841416100872939,visdrone_ft,glance@0.99
