AP,AP50,AP75,APs,APm,APl,AP_maxdet100,method,slices_per_img,slice_frac,ms_per_img,ms_extra,small_cov,th,role
0.4740311382157611,0.7876723888812593,0.4689944776436343,0.39369747945429084,0.5954975229984919,0.766097812750105,0.46591081518800664,fusion_abs,7.361313868613139,0.9416433239962652,289.9712259118232,0.0,0.9999016328939603,0.5,pareto
0.47403950993430444,0.7876931287302172,0.46899922432082697,0.39371522408287246,0.5955045107949749,0.766097812750105,0.4659176141295315,fusion_abs,7.2773722627737225,0.930905695611578,257.6680496338959,0.0,0.9998032657879206,0.7,pareto
0.4739943440757301,0.7877482158486946,0.4689668800980574,0.3937359342962987,0.5953653294061281,0.7839195949283229,0.4659439362072235,fusion_abs,7.197080291970803,0.9206349206349206,255.06016678736805,0.0,0.9998032657879206,0.8,pareto
0.47408963975236723,0.7880249252163185,0.4690276191456672,0.39388873220164805,0.5953420180535264,0.7839318096536857,0.46603005392538904,fusion_abs,7.069343065693431,0.9042950513538749,251.56900182394625,0.0,0.9994097973637616,0.9,pareto
0.4741289121618166,0.788122840657341,0.4690876215611952,0.3938694118429418,0.5955094132479842,0.7836442229030984,0.4659138160482047,fusion_abs,6.894160583941606,0.8818860877684407,246.27991861243774,0.0,0.9988195947275231,0.95,pareto
0.4742625990543662,0.7882084240087909,0.4692825226073151,0.3936604359102453,0.595698453254331,0.7896840998310237,0.46607443754732736,fusion_abs,6.576642335766423,0.8412698412698413,236.6186959849459,0.0,0.9967538855006886,0.99,pareto
0.4199500961789087,0.7082722609451472,0.4123965817172308,0.3160390869361976,0.5745890142474614,0.7966084680907252,0.41732467249165933,fusion_relq25,3.051094890510949,0.3902894491129785,127.34259270050013,0.0,0.41461735195750543,0.5,pareto
0.4160423239152863,0.7007699209798969,0.40795497554825566,0.30991226939836136,0.5749158211421247,0.7894147050217656,0.41327350656376094,fusion_relq25,2.6605839416058394,0.3403361344537815,115.31235912339304,0.0,0.3675978752705095,0.7,pareto
0.41593866423505127,0.700569830409511,0.4080758911488733,0.3093454822530452,0.5741506670028897,0.7894121451134957,0.4130100504719036,fusion_relq25,2.572992700729927,0.3291316526610644,112.35914306529673,0.0,0.3611056462718867,0.8,pareto
0.41531349706064524,0.7002682685020628,0.406833243039324,0.30873944024175753,0.5724946328264879,0.7910745648216314,0.41245326811455235,fusion_relq25,2.343065693430657,0.29971988795518206,105.4038496343436,0.0,0.35274444225850876,0.9,pareto
0.41230690689588273,0.6940073870878574,0.4046042963503791,0.304442033660568,0.5732911643936245,0.7902475315211924,0.4095241848075311,fusion_relq25,2.1094890510948905,0.2698412698412698,98.6146496345538,0.0,0.32195553806807004,0.95,pareto
0.40530693784099986,0.6865453715839145,0.3972561083747806,0.29599255123172113,0.5703497031529612,0.7897703469712889,0.40317747295911166,fusion_relq25,1.5985401459854014,0.20448179271708683,82.99503576595305,0.0,0.26195160338382845,0.99,pareto
0.40580484016736684,0.6895328232251363,0.39745819523622994,0.301134641748383,0.5642068753775892,0.7896755247489542,0.4036854767543375,fusion_relmed,1.6605839416058394,0.21241830065359477,85.08085255462457,0.0,0.27995278378910093,0.5,pareto
0.4054885098723097,0.6863240383684126,0.3977086659317296,0.2993493527337691,0.5646011128917917,0.7927870504828232,0.40303771724117704,fusion_relmed,1.510948905109489,0.19327731092436976,80.43969379549755,0.0,0.2652960849891796,0.7,pareto
0.40394972385457045,0.6848015717906939,0.39678762503034226,0.2968645376715205,0.5638412778054633,0.7917206260433572,0.40156819386458187,fusion_relmed,1.4197080291970803,0.18160597572362278,77.80995364854304,0.0,0.24483572693291364,0.8,pareto
0.40041514911973,0.6807371393833431,0.39101551057955547,0.29180206818804943,0.5633401680297475,0.792580147087374,0.39810257716090397,fusion_relmed,1.2445255474452555,0.1591970121381886,72.22601824771887,0.0,0.21365335431831595,0.9,pareto
0.39807239008470485,0.6752423753569203,0.38983376450832186,0.2890849277099259,0.5626570931948519,0.7935464573199962,0.3959869822510407,fusion_relmed,1.1240875912408759,0.1437908496732026,68.44980109445402,0.0,0.1956521739130435,0.95,pareto
0.39152206934416445,0.6666334592122237,0.3831996614938039,0.2772411745977868,0.5593835446990919,0.7985705341946049,0.38946634094335986,fusion_relmed,0.8065693430656934,0.10317460317460317,58.28330146004769,0.0,0.1336808971080071,0.99,pareto
0.44878194673530647,0.7542404786872389,0.4435873452755717,0.3577327216286665,0.5855239910286958,0.785579744536822,0.4421522627120862,fusion_rank,3.927007299270073,0.5023342670401494,154.98211496259148,0.0,0.7913633680897108,0.5,pareto
0.43361470872713426,0.7329268924473971,0.42754209602743776,0.33870040662529255,0.5769144528912882,0.7873444855329768,0.4285797403087602,fusion_rank,2.854014598540146,0.36507936507936506,121.42566934241326,0.0,0.6493212669683258,0.7,pareto
0.41830450966962646,0.7094842275366389,0.41182847812453155,0.31224214969350156,0.575726088551383,0.7933683886827271,0.4136411265433474,fusion_rank,2.0364963503649633,0.2605042016806723,96.31144890473963,0.0,0.48937635254770806,0.8,pareto
0.40076947704764937,0.6864846562519161,0.39168698345078623,0.29044510523660483,0.5667933443200376,0.7965715468923187,0.39760965239948726,fusion_rank,1.0364963503649636,0.13258636788048553,65.69788211637541,0.0,0.3480228211686012,0.9,pareto
0.39974337429837903,0.6857950767034101,0.39003325341962514,0.2895720003328043,0.5639702109933128,0.7995334399733174,0.39675468049092877,fusion_rank,1.0,0.12791783380018673,64.60214014608884,0.0,0.34320283297265397,0.95,pareto
0.39974337429837903,0.6857950767034101,0.39003325341962514,0.2895720003328043,0.5639702109933128,0.7995334399733174,0.39675468049092877,fusion_rank,1.0,0.12791783380018673,64.57376642319218,0.0,0.34320283297265397,0.99,pareto
0.47408963975236723,0.7880249252163185,0.4690276191456672,0.39388873220164805,0.5953420180535264,0.7839318096536857,0.46603005392538904,fusion_abs,7.069343065693431,0.9042950513538749,251.39508649579807,0.0,0.9994097973637616,0.9,anchor@0.907
0.4199500961789087,0.7082722609451472,0.4123965817172308,0.3160390869361976,0.5745890142474614,0.7966084680907252,0.41732467249165933,fusion_relq25,3.051094890510949,0.3902894491129785,126.97423430542923,0.0,0.41461735195750543,0.5,anchor@0.907
0.40580484016736684,0.6895328232251363,0.39745819523622994,0.301134641748383,0.5642068753775892,0.7896755247489542,0.4036854767543375,fusion_relmed,1.6605839416058394,0.21241830065359477,84.98911313829649,0.0,0.27995278378910093,0.5,anchor@0.907
0.44878194673530647,0.7542404786872389,0.4435873452755717,0.3577327216286665,0.5855239910286958,0.785579744536822,0.4421522627120862,fusion_rank,3.927007299270073,0.5023342670401494,155.07264488963426,0.0,0.7913633680897108,0.5,anchor@0.907
0.4742625990543662,0.7882084240087909,0.4692825226073151,0.3936604359102453,0.595698453254331,0.7896840998310237,0.46607443754732736,fusion_abs,6.576642335766423,0.8412698412698413,236.77988467024457,0.0,0.9967538855006886,0.99,anchor@0.822
0.4199500961789087,0.7082722609451472,0.4123965817172308,0.3160390869361976,0.5745890142474614,0.7966084680907252,0.41732467249165933,fusion_relq25,3.051094890510949,0.3902894491129785,127.11265072923104,0.0,0.41461735195750543,0.5,anchor@0.822
0.40580484016736684,0.6895328232251363,0.39745819523622994,0.301134641748383,0.5642068753775892,0.7896755247489542,0.4036854767543375,fusion_relmed,1.6605839416058394,0.21241830065359477,85.59398321133408,0.0,0.27995278378910093,0.5,anchor@0.822
0.44878194673530647,0.7542404786872389,0.4435873452755717,0.3577327216286665,0.5855239910286958,0.785579744536822,0.4421522627120862,fusion_rank,3.927007299270073,0.5023342670401494,156.00682883102778,0.0,0.7913633680897108,0.5,anchor@0.822
