policy,family,AP,APs,ms_per_img,lam,frac_full@640,frac_full@960,frac_full@1280,frac_full@1600,frac_full@1920,t
full@640,fixed,37.96591323822901,25.644887684240675,28.04913576659415,,,,,,,
full@960,fixed,45.55558096585776,35.36026775878537,30.119363868602274,,,,,,,
full@1280,fixed,48.658647272118486,39.63912041554174,31.550775912437796,,,,,,,
full@1600,fixed,49.912264840129254,41.80612723017714,39.43482116789916,,,,,,,
full@1920,fixed,50.22962403202139,42.65818990604913,46.804865328864835,,,,,,,
sahi@512,sahi,47.3380140359547,39.28921821553092,130.70636532869764,,,,,,,
sahi@640,sahi,45.8199482681134,36.983166998358016,103.15542481775925,,,,,,,
sahi@768,sahi,45.50452394510621,35.76392265453981,71.3726919708199,,,,,,,
sahi@1024,sahi,42.02420982746605,31.104656067275048,65.19380730021716,,,,,,,
glance@0.9,glance,47.35927623619766,39.310343473454004,158.67129671542455,,,,,,,
glance@0.99,glance,47.36449014908403,39.265343813463815,123.13332481766085,,,,,,,
route@0.00e+00,route,50.10533125609711,42.246633294993366,64.97698686159782,0.0,0.08394160583941605,0.0072992700729927005,0.22992700729927007,0.2518248175182482,0.42700729927007297,
route@1.00e-05,route,50.08614133120896,42.179146803163526,64.60118540172869,1e-05,0.08759124087591241,0.0072992700729927005,0.23357664233576642,0.26277372262773724,0.40875912408759124,
route@1.26e-05,route,50.086224398228595,42.17415923162467,64.55562372292974,1.2589254117941661e-05,0.08759124087591241,0.0072992700729927005,0.23722627737226276,0.26277372262773724,0.4051094890510949,
route@1.58e-05,route,50.0800724324459,42.16869305750481,64.37012153318837,1.584893192461114e-05,0.09124087591240876,0.0072992700729927005,0.23357664233576642,0.27007299270072993,0.3978102189781022,
route@2.00e-05,route,50.103921668977826,42.190467238250626,64.1670678835171,1.9952623149688786e-05,0.0948905109489051,0.0072992700729927005,0.23357664233576642,0.2737226277372263,0.3905109489051095,
route@2.51e-05,route,50.11007065017969,42.19125147568084,63.957589051353125,2.5118864315095822e-05,0.09854014598540146,0.0072992700729927005,0.23722627737226276,0.27007299270072993,0.38686131386861317,
route@3.16e-05,route,50.11968389600271,42.181337993699316,63.818275182791325,3.1622776601683795e-05,0.09854014598540146,0.0072992700729927005,0.24087591240875914,0.2773722627737226,0.3759124087591241,
route@3.98e-05,route,50.125047028987915,42.20198929406003,63.68112335791794,3.9810717055349695e-05,0.09854014598540146,0.0072992700729927005,0.24452554744525548,0.2773722627737226,0.3722627737226277,
route@5.01e-05,route,50.12498979166446,42.20197049177888,63.59598357679729,5.011872336272725e-05,0.09854014598540146,0.0072992700729927005,0.24452554744525548,0.28832116788321166,0.3613138686131387,
route@6.31e-05,route,50.089436352010175,42.108397553005496,63.1691127739138,6.309573444801929e-05,0.10218978102189781,0.0072992700729927005,0.25547445255474455,0.29927007299270075,0.3357664233576642,
route@7.94e-05,route,50.03475216271389,42.103251962668246,62.80397189785106,7.943282347242822e-05,0.10583941605839416,0.0072992700729927005,0.26277372262773724,0.30656934306569344,0.3175182481751825,
route@1.00e-04,route,50.03229421855144,42.0689619058303,62.51441167884619,0.0001,0.10583941605839416,0.0072992700729927005,0.2737226277372263,0.32116788321167883,0.291970802919708,
route@1.26e-04,route,50.06927371142187,42.01329639701351,61.62467518268811,0.00012589254117941674,0.11313868613138686,0.0072992700729927005,0.291970802919708,0.3467153284671533,0.24087591240875914,
route@1.58e-04,route,50.00240963556072,41.88360251690019,61.326075912749374,0.00015848931924611142,0.11313868613138686,0.0072992700729927005,0.29927007299270075,0.3613138686131387,0.21897810218978103,
route@2.00e-04,route,49.88983981048889,41.62809060360917,60.39214598587043,0.00019952623149688788,0.11678832116788321,0.0072992700729927005,0.33211678832116787,0.3795620437956204,0.16423357664233576,
route@2.51e-04,route,49.83295216450558,41.509096277421705,59.50029014660102,0.0002511886431509582,0.13138686131386862,0.0036496350364963502,0.354014598540146,0.3686131386861314,0.14233576642335766,
route@3.16e-04,route,49.76226632823823,41.39490640693854,58.433449270656624,0.00031622776601683794,0.14963503649635038,0.0,0.38321167883211676,0.3467153284671533,0.12043795620437957,
route@3.98e-04,route,49.62638853193937,41.227273951913524,56.91094525611108,0.00039810717055349735,0.16423357664233576,0.0036496350364963502,0.39416058394160586,0.3722627737226277,0.06569343065693431,
route@5.01e-04,route,49.36393453536229,40.936909276061876,55.53149124154954,0.0005011872336272725,0.18613138686131386,0.0036496350364963502,0.40875912408759124,0.354014598540146,0.04744525547445255,
route@6.31e-04,route,49.0047586992005,40.46807308457132,53.69807226332899,0.000630957344480193,0.22262773722627738,0.0,0.4306569343065693,0.3175182481751825,0.029197080291970802,
route@7.94e-04,route,48.54017016772717,39.8607678332545,51.28428029253557,0.0007943282347242822,0.2846715328467153,0.0036496350364963502,0.4197080291970803,0.2737226277372263,0.01824817518248175,
route@1.00e-03,route,47.92939101168455,38.983371014763804,48.3738948909921,0.001,0.3722627737226277,0.0036496350364963502,0.38321167883211676,0.22992700729927007,0.010948905109489052,
route@1.26e-03,route,46.499678177965436,37.02531486305787,43.91657700762153,0.0012589254117941675,0.5,0.0036496350364963502,0.3248175182481752,0.1678832116788321,0.0036496350364963502,
route@1.58e-03,route,44.44032579012192,34.05158643891432,38.213134671575865,0.001584893192461114,0.6715328467153284,0.0,0.24087591240875914,0.08394160583941605,0.0036496350364963502,
route@2.00e-03,route,40.946477324771564,29.493569284588606,31.849691605913016,0.0019952623149688807,0.8759124087591241,0.0,0.08394160583941605,0.040145985401459854,0.0,
route@2.51e-03,route,39.12037177799148,27.279795306003766,28.934548905307945,0.002511886431509582,0.9708029197080292,0.0,0.01824817518248175,0.010948905109489052,0.0,
route@3.16e-03,route,38.31431603736266,26.097504301381818,28.235760949089798,0.0031622776601683794,0.9927007299270073,0.0,0.0072992700729927005,0.0,0.0,
route@3.98e-03,route,37.96591323822901,25.644887684240675,28.04913576659415,0.003981071705534973,1.0,0.0,0.0,0.0,0.0,
route@5.01e-03,route,37.96591323822901,25.644887684240675,28.04913576659415,0.005011872336272725,1.0,0.0,0.0,0.0,0.0,
route@6.31e-03,route,37.96591323822901,25.644887684240675,28.04913576659415,0.006309573444801936,1.0,0.0,0.0,0.0,0.0,
route@7.94e-03,route,37.96591323822901,25.644887684240675,28.04913576659415,0.00794328234724282,1.0,0.0,0.0,0.0,0.0,
route@1.00e-02,route,37.96591323822901,25.644887684240675,28.04913576659415,0.01,1.0,0.0,0.0,0.0,0.0,
route@1.26e-02,route,37.96591323822901,25.644887684240675,28.04913576659415,0.012589254117941675,1.0,0.0,0.0,0.0,0.0,
route@1.58e-02,route,37.96591323822901,25.644887684240675,28.04913576659415,0.01584893192461114,1.0,0.0,0.0,0.0,0.0,
route@2.00e-02,route,37.96591323822901,25.644887684240675,28.04913576659415,0.01995262314968881,1.0,0.0,0.0,0.0,0.0,
route@2.51e-02,route,37.96591323822901,25.644887684240675,28.04913576659415,0.025118864315095822,1.0,0.0,0.0,0.0,0.0,
route@3.16e-02,route,37.96591323822901,25.644887684240675,28.04913576659415,0.03162277660168379,1.0,0.0,0.0,0.0,0.0,
route@3.98e-02,route,37.96591323822901,25.644887684240675,28.04913576659415,0.039810717055349734,1.0,0.0,0.0,0.0,0.0,
route@5.01e-02,route,37.96591323822901,25.644887684240675,28.04913576659415,0.05011872336272725,1.0,0.0,0.0,0.0,0.0,
route@6.31e-02,route,37.96591323822901,25.644887684240675,28.04913576659415,0.06309573444801936,1.0,0.0,0.0,0.0,0.0,
route@7.94e-02,route,37.96591323822901,25.644887684240675,28.04913576659415,0.07943282347242822,1.0,0.0,0.0,0.0,0.0,
route@1.00e-01,route,37.96591323822901,25.644887684240675,28.04913576659415,0.1,1.0,0.0,0.0,0.0,0.0,
rule_app50<5.1,rule,37.96591323822901,25.644887684240675,28.04913576659415,,1.0,0.0,0.0,0.0,0.0,5.123475074768066
rule_app50<7.0,rule,38.30101906143637,26.240479153454782,30.457445255686345,,0.9452554744525548,0.0,0.0,0.0,0.05474452554744526,7.0115776538848875
rule_app50<7.6,rule,38.92258955082586,27.15117865550054,32.35226021923446,,0.9051094890510949,0.0,0.0,0.0,0.0948905109489051,7.595945024490357
rule_app50<8.0,rule,39.83027325906342,28.73996569952066,35.181940511286676,,0.843065693430657,0.0,0.0,0.0,0.15693430656934307,7.952200555801392
rule_app50<8.3,rule,40.74270166404676,30.167611917013293,38.10921350392482,,0.781021897810219,0.0,0.0,0.0,0.21897810218978103,8.261272621154784
rule_app50<8.7,rule,41.632572606939874,31.41912884601039,40.5096500003277,,0.7299270072992701,0.0,0.0,0.0,0.27007299270072993,8.660253524780273
rule_app50<9.0,rule,42.7587002730923,33.354780630947964,43.50621240909456,,0.6642335766423357,0.0,0.0,0.0,0.3357664233576642,9.03576259613037
rule_app50<9.3,rule,43.34522030785944,34.17447730999202,45.28199160613041,,0.6277372262773723,0.0,0.0,0.0,0.3722627737226277,9.318313789367675
rule_app50<9.6,rule,44.31475724309735,35.57618924523475,47.21704343109507,,0.583941605839416,0.0,0.0,0.0,0.41605839416058393,9.572074890136719
rule_app50<9.8,rule,44.864667057364954,36.408529710738456,49.27457189823655,,0.5401459854014599,0.0,0.0,0.0,0.45985401459854014,9.824839115142822
rule_app50<10.2,rule,45.4580964622728,37.174342894357906,51.23533613188065,,0.5036496350364964,0.0,0.0,0.0,0.49635036496350365,10.20099925994873
rule_app50<10.6,rule,46.01072826826523,37.9202284723169,53.264752920270034,,0.45985401459854014,0.0,0.0,0.0,0.5401459854014599,10.5746826171875
rule_app50<11.0,rule,46.83315334770971,38.97011837381491,55.77893467194292,,0.4051094890510949,0.0,0.0,0.0,0.5948905109489051,11.03045310974121
rule_app50<11.5,rule,47.398789025118724,39.78524604749848,57.99372445291247,,0.35766423357664234,0.0,0.0,0.0,0.6423357664233577,11.526778173446656
rule_app50<12.0,rule,47.94645918506992,40.50153533219911,59.299808029441444,,0.3284671532846715,0.0,0.0,0.0,0.6715328467153284,12.03731174468994
rule_app50<13.1,rule,48.995869741567645,41.65010707441772,64.17469562072328,,0.23357664233576642,0.0,0.0,0.0,0.7664233576642335,13.102914810180664
rule_app50<14.1,rule,49.69600221540368,42.172788778410975,66.20645036532784,,0.1897810218978102,0.0,0.0,0.0,0.8102189781021898,14.13410758972168
rule_app50<15.1,rule,49.79352925698034,42.32111414287261,67.19196715358608,,0.1678832116788321,0.0,0.0,0.0,0.8321167883211679,15.11512598991394
rule_app50<17.3,rule,50.26858429646451,42.65102063651596,70.40359854052798,,0.0948905109489051,0.0,0.0,0.0,0.9051094890510949,17.288473129272464
rule_app50<25.6,rule,50.29239124064363,42.660151071308626,72.32525109541373,,0.05474452554744526,0.0,0.0,0.0,0.9452554744525548,25.639880084991447
rule_app50<185.0,rule,50.22962403202139,42.65818990604913,74.85400109545898,,0.0,0.0,0.0,0.0,1.0,185.0332794189453
oracle@0.00e+00,oracle,50.86446923030207,42.85863416288764,65.06520766423068,0.0,0.029197080291970802,0.10583941605839416,0.21897810218978103,0.34306569343065696,0.3029197080291971,
oracle@1.00e-05,oracle,50.87456840308492,42.85718365043403,64.97878795618193,1e-05,0.029197080291970802,0.10583941605839416,0.22627737226277372,0.33941605839416056,0.29927007299270075,
oracle@1.26e-05,oracle,50.87456840308492,42.85718365043403,64.97878795618193,1.2589254117941661e-05,0.029197080291970802,0.10583941605839416,0.22627737226277372,0.33941605839416056,0.29927007299270075,
oracle@1.58e-05,oracle,50.87456840308492,42.85718365043403,64.97878795618193,1.584893192461114e-05,0.029197080291970802,0.10583941605839416,0.22627737226277372,0.33941605839416056,0.29927007299270075,
oracle@2.00e-05,oracle,50.87456840308492,42.85718365043403,64.97878795618193,1.9952623149688786e-05,0.029197080291970802,0.10583941605839416,0.22627737226277372,0.33941605839416056,0.29927007299270075,
oracle@2.51e-05,oracle,50.86037155390362,42.84835347108469,64.62907116789198,2.5118864315095822e-05,0.0364963503649635,0.10218978102189781,0.22992700729927007,0.33941605839416056,0.291970802919708,
oracle@3.16e-05,oracle,50.86652851713619,42.83357832006147,64.40474379569356,3.1622776601683795e-05,0.0364963503649635,0.11313868613138686,0.23357664233576642,0.33211678832116787,0.2846715328467153,
oracle@3.98e-05,oracle,50.83339322116826,42.828441918635214,64.2825317518942,3.9810717055349695e-05,0.0364963503649635,0.12043795620437957,0.23722627737226276,0.3248175182481752,0.28102189781021897,
oracle@5.01e-05,oracle,50.85808842604038,42.82546999009271,64.13609854033409,5.011872336272725e-05,0.0364963503649635,0.12408759124087591,0.24087591240875914,0.3284671532846715,0.27007299270072993,
oracle@6.31e-05,oracle,50.853756296798316,42.81883899144353,63.75118394185369,6.309573444801929e-05,0.043795620437956206,0.12043795620437957,0.24087591240875914,0.3284671532846715,0.2664233576642336,
oracle@7.94e-05,oracle,50.840034870897135,42.805185447704844,63.717634671828264,7.943282347242822e-05,0.043795620437956206,0.12043795620437957,0.24087591240875914,0.33211678832116787,0.26277372262773724,
oracle@1.00e-04,oracle,50.77897717560306,42.72459482612121,62.9066591242194,0.0001,0.058394160583941604,0.12773722627737227,0.24087591240875914,0.3284671532846715,0.24452554744525548,
oracle@1.26e-04,oracle,50.76305854794057,42.709579278463984,62.40746131404532,0.00012589254117941674,0.06569343065693431,0.12408759124087591,0.2518248175182482,0.33211678832116787,0.22627737226277372,
oracle@1.58e-04,oracle,50.755379733827674,42.699037375320856,62.165235766657055,0.00015848931924611142,0.06569343065693431,0.13503649635036497,0.25547445255474455,0.3248175182481752,0.21897810218978103,
oracle@2.00e-04,oracle,50.713577101777204,42.611442385082185,61.21402554767186,0.00019952623149688788,0.09124087591240876,0.12408759124087591,0.25547445255474455,0.3248175182481752,0.20437956204379562,
oracle@2.51e-04,oracle,50.66644478299458,42.50826984986288,60.428544525996045,0.0002511886431509582,0.10218978102189781,0.11678832116788321,0.2773722627737226,0.31386861313868614,0.1897810218978102,
oracle@3.16e-04,oracle,50.63841130727046,42.453441455234106,59.92951058435516,0.00031622776601683794,0.11313868613138686,0.11313868613138686,0.28102189781021897,0.3102189781021898,0.18248175182481752,
oracle@3.98e-04,oracle,50.564625911882175,42.2820080853003,59.16903576680653,0.00039810717055349735,0.12408759124087591,0.12408759124087591,0.2956204379562044,0.2846715328467153,0.17153284671532848,
oracle@5.01e-04,oracle,50.41740479822806,42.18446794136265,58.51536715354551,0.0005011872336272725,0.1386861313868613,0.12043795620437957,0.3029197080291971,0.2737226277372263,0.16423357664233576,
oracle@6.31e-04,oracle,50.17612786867179,41.837380566267875,56.49655291990778,0.000630957344480193,0.17518248175182483,0.11678832116788321,0.31386861313868614,0.2518248175182482,0.14233576642335766,
oracle@7.94e-04,oracle,49.8079198663762,41.46268279555398,54.09966131397582,0.0007943282347242822,0.22627737226277372,0.10583941605839416,0.3248175182481752,0.22627737226277372,0.11678832116788321,
oracle@1.00e-03,oracle,49.48421513525085,40.977199277027566,51.55413722634072,0.001,0.2846715328467153,0.10948905109489052,0.32116788321167883,0.19708029197080293,0.08759124087591241,
oracle@1.26e-03,oracle,48.72197007920847,40.05412230994357,48.23497956205265,0.0012589254117941675,0.3759124087591241,0.09854014598540146,0.2846715328467153,0.17518248175182483,0.06569343065693431,
oracle@1.58e-03,oracle,47.569966987030554,38.53329920830478,43.94893868628551,0.001584893192461114,0.49635036496350365,0.06934306569343066,0.25547445255474455,0.14233576642335766,0.0364963503649635,
oracle@2.00e-03,oracle,45.712673414729956,35.876101387876595,38.950318978374135,0.0019952623149688807,0.6532846715328468,0.04744525547445255,0.17518248175182483,0.10218978102189781,0.021897810218978103,
oracle@2.51e-03,oracle,43.73694736260252,33.09438646360065,34.80324635059525,0.002511886431509582,0.7846715328467153,0.021897810218978103,0.11678832116788321,0.06204379562043796,0.014598540145985401,
oracle@3.16e-03,oracle,41.45663253108108,29.957137013688683,31.22935510970428,0.0031622776601683794,0.8978102189781022,0.0072992700729927005,0.058394160583941604,0.025547445255474453,0.010948905109489052,
oracle@3.98e-03,oracle,40.388072266094994,28.582226123007526,29.876094525824403,0.003981071705534973,0.9416058394160584,0.0,0.0364963503649635,0.014598540145985401,0.0072992700729927005,
oracle@5.01e-03,oracle,39.02706891092225,27.2643405374489,28.535128832284027,0.005011872336272725,0.9854014598540146,0.0,0.0036496350364963502,0.010948905109489052,0.0,
oracle@6.31e-03,oracle,38.80451751690578,26.89196392089781,28.400492335911448,0.006309573444801936,0.9890510948905109,0.0,0.0036496350364963502,0.0072992700729927005,0.0,
oracle@7.94e-03,oracle,38.546557756645235,26.494988047166977,28.272977007474804,0.00794328234724282,0.9927007299270073,0.0,0.0036496350364963502,0.0036496350364963502,0.0,
oracle@1.00e-02,oracle,37.96591323822901,25.644887684240675,28.04913576659415,0.01,1.0,0.0,0.0,0.0,0.0,
oracle@1.26e-02,oracle,37.96591323822901,25.644887684240675,28.04913576659415,0.012589254117941675,1.0,0.0,0.0,0.0,0.0,
oracle@1.58e-02,oracle,37.96591323822901,25.644887684240675,28.04913576659415,0.01584893192461114,1.0,0.0,0.0,0.0,0.0,
oracle@2.00e-02,oracle,37.96591323822901,25.644887684240675,28.04913576659415,0.01995262314968881,1.0,0.0,0.0,0.0,0.0,
oracle@2.51e-02,oracle,37.96591323822901,25.644887684240675,28.04913576659415,0.025118864315095822,1.0,0.0,0.0,0.0,0.0,
oracle@3.16e-02,oracle,37.96591323822901,25.644887684240675,28.04913576659415,0.03162277660168379,1.0,0.0,0.0,0.0,0.0,
oracle@3.98e-02,oracle,37.96591323822901,25.644887684240675,28.04913576659415,0.039810717055349734,1.0,0.0,0.0,0.0,0.0,
oracle@5.01e-02,oracle,37.96591323822901,25.644887684240675,28.04913576659415,0.05011872336272725,1.0,0.0,0.0,0.0,0.0,
oracle@6.31e-02,oracle,37.96591323822901,25.644887684240675,28.04913576659415,0.06309573444801936,1.0,0.0,0.0,0.0,0.0,
oracle@7.94e-02,oracle,37.96591323822901,25.644887684240675,28.04913576659415,0.07943282347242822,1.0,0.0,0.0,0.0,0.0,
oracle@1.00e-01,oracle,37.96591323822901,25.644887684240675,28.04913576659415,0.1,1.0,0.0,0.0,0.0,0.0,
oracle_direct@0.00e+00,oracle_direct,50.86446923030207,42.85863416288764,37.775674452408246,0.0,0.029197080291970802,0.10583941605839416,0.21897810218978103,0.34306569343065696,0.3029197080291971,
oracle_direct@1.00e-05,oracle_direct,50.87456840308492,42.85718365043403,37.689254744359495,1e-05,0.029197080291970802,0.10583941605839416,0.22627737226277372,0.33941605839416056,0.29927007299270075,
oracle_direct@1.26e-05,oracle_direct,50.87456840308492,42.85718365043403,37.689254744359495,1.2589254117941661e-05,0.029197080291970802,0.10583941605839416,0.22627737226277372,0.33941605839416056,0.29927007299270075,
oracle_direct@1.58e-05,oracle_direct,50.87456840308492,42.85718365043403,37.689254744359495,1.584893192461114e-05,0.029197080291970802,0.10583941605839416,0.22627737226277372,0.33941605839416056,0.29927007299270075,
oracle_direct@2.00e-05,oracle_direct,50.87456840308492,42.85718365043403,37.689254744359495,1.9952623149688786e-05,0.029197080291970802,0.10583941605839416,0.22627737226277372,0.33941605839416056,0.29927007299270075,
oracle_direct@2.51e-05,oracle_direct,50.86160474193421,42.843283449773885,37.62122992689366,2.5118864315095822e-05,0.029197080291970802,0.10583941605839416,0.22992700729927007,0.33941605839416056,0.2956204379562044,
oracle_direct@3.16e-05,oracle_direct,50.867751015752205,42.828328461537794,37.39690255469525,3.1622776601683795e-05,0.029197080291970802,0.11678832116788321,0.23357664233576642,0.33211678832116787,0.28832116788321166,
oracle_direct@3.98e-05,oracle_direct,50.8351714371048,42.823105730773285,37.27469051089588,3.9810717055349695e-05,0.029197080291970802,0.12408759124087591,0.23722627737226276,0.3248175182481752,0.2846715328467153,
oracle_direct@5.01e-05,oracle_direct,50.85812696961587,42.82546999009271,37.052976642384785,5.011872336272725e-05,0.032846715328467155,0.12773722627737227,0.24087591240875914,0.3284671532846715,0.27007299270072993,
oracle_direct@6.31e-05,oracle_direct,50.85831330339339,42.822574994520664,36.979671167978765,6.309573444801929e-05,0.032846715328467155,0.12773722627737227,0.24452554744525548,0.3284671532846715,0.2664233576642336,
oracle_direct@7.94e-05,oracle_direct,50.84423269362939,42.80870631827277,36.94612189795334,7.943282347242822e-05,0.032846715328467155,0.12773722627737227,0.24452554744525548,0.33211678832116787,0.26277372262773724,
oracle_direct@1.00e-04,oracle_direct,50.81246192321524,42.73660279475372,36.58437372259005,0.0001,0.032846715328467155,0.1386861313868613,0.24817518248175183,0.3357664233576642,0.24452554744525548,
oracle_direct@1.26e-04,oracle_direct,50.786346715642395,42.72497919927936,36.33242445251391,0.00012589254117941674,0.032846715328467155,0.1386861313868613,0.2591240875912409,0.34306569343065696,0.22627737226277372,
oracle_direct@1.58e-04,oracle_direct,50.77669154815738,42.71586180891489,36.09019890512564,0.00015848931924611142,0.032846715328467155,0.14963503649635038,0.26277372262773724,0.3357664233576642,0.21897810218978103,
oracle_direct@2.00e-04,oracle_direct,50.751909000827524,42.6504354478056,35.72057153296489,0.00019952623149688788,0.032846715328467155,0.16423357664233576,0.2664233576642336,0.33211678832116787,0.20437956204379562,
oracle_direct@2.51e-04,oracle_direct,50.70501463413862,42.54774799764579,35.208923357983295,0.0002511886431509582,0.0364963503649635,0.16423357664233576,0.291970802919708,0.3175182481751825,0.1897810218978102,
oracle_direct@3.16e-04,oracle_direct,50.70758004604561,42.53391930071326,34.938927737574936,0.00031622776601683794,0.0364963503649635,0.17518248175182483,0.2956204379562044,0.3102189781021898,0.18248175182481752,
oracle_direct@3.98e-04,oracle_direct,50.662044743365584,42.36993071788927,34.462163868924456,0.00039810717055349735,0.032846715328467155,0.1897810218978102,0.32116788321167883,0.2846715328467153,0.17153284671532848,
oracle_direct@5.01e-04,oracle_direct,50.5912438419149,42.326699422266614,34.23826021918123,0.0005011872336272725,0.032846715328467155,0.1897810218978102,0.33941605839416056,0.2737226277372263,0.16423357664233576,
oracle_direct@6.31e-04,oracle_direct,50.51970794521496,42.17951656123388,33.638710583983766,0.000630957344480193,0.040145985401459854,0.19708029197080293,0.35766423357664234,0.25547445255474455,0.14963503649635038,
oracle_direct@7.94e-04,oracle_direct,50.417486741514594,42.09035751265317,33.102245620410656,0.0007943282347242822,0.040145985401459854,0.20072992700729927,0.3905109489051095,0.24452554744525548,0.12408759124087591,
oracle_direct@1.00e-03,oracle_direct,50.209575775727764,41.81427388037322,32.33010145963253,0.001,0.043795620437956206,0.22262773722627738,0.4197080291970803,0.21532846715328466,0.09854014598540146,
oracle_direct@1.26e-03,oracle_direct,50.076660387376634,41.55424853033695,31.521582116570876,0.0012589254117941675,0.051094890510948905,0.23357664233576642,0.43795620437956206,0.20072992700729927,0.07664233576642336,
oracle_direct@1.58e-03,oracle_direct,49.898749605566785,41.170090659129116,30.861693795347232,0.001584893192461114,0.051094890510948905,0.2591240875912409,0.4562043795620438,0.17883211678832117,0.05474452554744526,
oracle_direct@2.00e-03,oracle_direct,49.70929597773698,40.84906595008555,30.386886861140034,0.0019952623149688807,0.051094890510948905,0.2773722627737226,0.4744525547445255,0.15328467153284672,0.043795620437956206,
oracle_direct@2.51e-03,oracle_direct,49.364321041564686,40.42173484865451,29.80967518223669,0.002511886431509582,0.058394160583941604,0.2956204379562044,0.48175182481751827,0.13138686131386862,0.032846715328467155,
oracle_direct@3.16e-03,oracle_direct,48.95330315175633,39.973475924128174,29.195563503465426,0.0031622776601683794,0.06934306569343066,0.3248175182481752,0.4927007299270073,0.0948905109489051,0.01824817518248175,
oracle_direct@3.98e-03,oracle_direct,48.543364996094084,39.301935938239076,28.568430292009236,0.003981071705534973,0.08759124087591241,0.3613138686131387,0.49635036496350365,0.040145985401459854,0.014598540145985401,
oracle_direct@5.01e-03,oracle_direct,48.10492894981524,38.82381317312313,28.120475182559147,0.005011872336272725,0.10583941605839416,0.3978102189781022,0.4562043795620438,0.032846715328467155,0.0072992700729927005,
oracle_direct@6.31e-03,oracle_direct,47.83406731365202,38.48134492075883,27.924170803049677,0.006309573444801936,0.11313868613138686,0.42700729927007297,0.4343065693430657,0.01824817518248175,0.0072992700729927005,
oracle_direct@7.94e-03,oracle_direct,47.35591707459085,37.73954153393712,27.611420438013102,0.00794328234724282,0.14233576642335766,0.4489051094890511,0.3905109489051095,0.010948905109489052,0.0072992700729927005,
oracle_direct@1.00e-02,oracle_direct,46.9426494814877,37.27688755767345,27.38771423359485,0.01,0.17153284671532848,0.4708029197080292,0.33941605839416056,0.010948905109489052,0.0072992700729927005,
oracle_direct@1.26e-02,oracle_direct,46.400103223609676,36.549012062674414,27.156590876028446,0.012589254117941675,0.20437956204379562,0.4781021897810219,0.3102189781021898,0.0,0.0072992700729927005,
oracle_direct@1.58e-02,oracle_direct,45.88559860272664,35.900557846721824,26.99721605854957,0.01584893192461114,0.24452554744525548,0.4781021897810219,0.2737226277372263,0.0,0.0036496350364963502,
oracle_direct@2.00e-02,oracle_direct,45.39903175345813,35.191298064167974,26.89460474469004,0.01995262314968881,0.291970802919708,0.4562043795620438,0.24817518248175183,0.0,0.0036496350364963502,
oracle_direct@2.51e-02,oracle_direct,45.06873334627052,34.75393976047279,26.821097445522987,0.025118864315095822,0.32116788321167883,0.44525547445255476,0.22992700729927007,0.0,0.0036496350364963502,
oracle_direct@3.16e-02,oracle_direct,44.503206244788196,33.982801702429974,26.718350000089767,0.03162277660168379,0.3722627737226277,0.41605839416058393,0.20802919708029197,0.0,0.0036496350364963502,
oracle_direct@3.98e-02,oracle_direct,44.03119082574351,33.25338147965182,26.658006569448805,0.039810717055349734,0.40875912408759124,0.40145985401459855,0.18613138686131386,0.0,0.0036496350364963502,
oracle_direct@5.01e-02,oracle_direct,43.597324201070094,32.90313292485619,26.611352554850882,0.05011872336272725,0.4306569343065693,0.39416058394160586,0.17153284671532848,0.0,0.0036496350364963502,
oracle_direct@6.31e-02,oracle_direct,43.26154156597067,32.33524546528056,26.581877737230005,0.06309573444801936,0.4562043795620438,0.3759124087591241,0.16423357664233576,0.0,0.0036496350364963502,
oracle_direct@7.94e-02,oracle_direct,42.85827901525822,31.888752045204612,26.557107299250163,0.07943282347242822,0.4854014598540146,0.35766423357664234,0.15328467153284672,0.0,0.0036496350364963502,
oracle_direct@1.00e-01,oracle_direct,42.81940315056137,31.81295420516178,26.552647810285304,0.1,0.48905109489051096,0.354014598540146,0.15328467153284672,0.0,0.0036496350364963502,
