image_id,n_slices,n_run,n_gt,n_gt_small,cov_small,t_extra,time,method
1,15,6,56,42,42,0.0,0.2198439000203507,fusion_thr@0.9
3,15,10,27,18,18,0.0,0.30453910000505857,fusion_thr@0.9
5,15,11,86,7,7,0.0,0.39830020001681987,fusion_thr@0.9
7,15,10,91,50,50,0.0,0.34575670001504477,fusion_thr@0.9
9,15,13,108,76,76,0.0,0.43595450001885183,fusion_thr@0.9
11,6,6,10,10,10,0.0,0.2343595999846002,fusion_thr@0.9
13,6,6,33,27,27,0.0,0.20421969999733847,fusion_thr@0.9
15,6,6,13,4,4,0.0,0.19507580001663882,fusion_thr@0.9
17,6,6,30,26,26,0.0,0.19861060001130681,fusion_thr@0.9
19,6,6,15,4,4,0.0,0.2122885000135284,fusion_thr@0.9
21,6,6,15,6,6,0.0,0.19480140000814572,fusion_thr@0.9
23,6,6,10,10,10,0.0,0.19998109996959101,fusion_thr@0.9
25,8,7,8,0,0,0.0,0.21992289999616332,fusion_thr@0.9
27,8,8,21,2,2,0.0,0.24832909999531694,fusion_thr@0.9
29,8,6,9,0,0,0.0,0.19961169999442063,fusion_thr@0.9
31,8,6,12,0,0,0.0,0.1920348000130616,fusion_thr@0.9
33,8,8,13,0,0,0.0,0.2697836000297684,fusion_thr@0.9
35,8,8,37,9,9,0.0,0.25060439998924267,fusion_thr@0.9
37,6,6,69,44,44,0.0,0.22890799997549038,fusion_thr@0.9
39,8,7,26,5,5,0.0,0.23086429998511449,fusion_thr@0.9
41,8,4,26,5,5,0.0,0.16065179997531231,fusion_thr@0.9
43,8,7,43,14,14,0.0,0.2313092999829678,fusion_thr@0.9
45,8,8,70,21,21,0.0,0.2366255000088131,fusion_thr@0.9
47,6,6,83,71,71,0.0,0.21982589999970514,fusion_thr@0.9
49,6,6,63,39,39,0.0,0.20223140000598505,fusion_thr@0.9
51,6,6,103,92,92,0.0,0.3079820999846561,fusion_thr@0.9
53,8,0,1,0,0,0.0,0.031050899997353554,fusion_thr@0.9
55,8,8,4,0,0,0.0,0.292362400010461,fusion_thr@0.9
57,8,8,5,0,0,0.0,0.27650229998107534,fusion_thr@0.9
59,8,2,3,0,0,0.0,0.09765489998972043,fusion_thr@0.9
61,8,6,2,0,0,0.0,0.23127039999235421,fusion_thr@0.9
63,6,6,45,40,40,0.0,0.2147673000145005,fusion_thr@0.9
65,6,6,40,33,33,0.0,0.21301820004009642,fusion_thr@0.9
67,6,6,26,17,17,0.0,0.22648799998569302,fusion_thr@0.9
69,6,6,40,34,34,0.0,0.21457440000085626,fusion_thr@0.9
71,8,8,59,34,34,0.0,0.28865420001966413,fusion_thr@0.9
73,8,8,92,60,60,0.0,0.27735540000139736,fusion_thr@0.9
75,15,11,162,50,50,0.0,0.35837960001663305,fusion_thr@0.9
77,6,6,34,24,24,0.0,0.1898161999997683,fusion_thr@0.9
79,6,6,38,38,38,0.0,0.18745599999965634,fusion_thr@0.9
81,6,6,28,25,25,0.0,0.22128779999911785,fusion_thr@0.9
83,6,6,33,28,28,0.0,0.21420349999971222,fusion_thr@0.9
85,6,6,45,42,42,0.0,0.21044559999427292,fusion_thr@0.9
87,6,6,52,47,47,0.0,0.19892159997834824,fusion_thr@0.9
89,6,6,76,63,63,0.0,0.23017309998976998,fusion_thr@0.9
91,6,6,51,45,45,0.0,0.2182784999604337,fusion_thr@0.9
93,6,6,36,31,31,0.0,0.22259089996805415,fusion_thr@0.9
95,6,6,29,25,25,0.0,0.2301807000185363,fusion_thr@0.9
97,6,6,36,29,29,0.0,0.25391090000630356,fusion_thr@0.9
99,6,6,36,31,31,0.0,0.2284050999878673,fusion_thr@0.9
101,15,8,50,11,11,0.0,0.25563979998696595,fusion_thr@0.9
103,6,6,51,44,44,0.0,0.2521670999994967,fusion_thr@0.9
105,6,6,59,53,53,0.0,0.22578710001835134,fusion_thr@0.9
107,6,6,41,40,40,0.0,0.2125549999764189,fusion_thr@0.9
109,6,6,26,26,26,0.0,0.19432709999091458,fusion_thr@0.9
111,6,6,34,32,32,0.0,0.21153109999431763,fusion_thr@0.9
113,6,6,88,83,83,0.0,0.2671651999844471,fusion_thr@0.9
115,6,6,36,26,26,0.0,0.23982479999540374,fusion_thr@0.9
117,6,6,16,11,11,0.0,0.24080959998536855,fusion_thr@0.9
119,6,6,13,4,4,0.0,0.21843310000258498,fusion_thr@0.9
121,8,8,79,50,50,0.0,0.3255250999936834,fusion_thr@0.9
123,8,8,130,81,81,0.0,0.31248329997470137,fusion_thr@0.9
125,8,8,120,85,85,0.0,0.3068265999900177,fusion_thr@0.9
127,8,8,79,43,43,0.0,0.2855771999893477,fusion_thr@0.9
129,8,8,52,16,16,0.0,0.27146119996905327,fusion_thr@0.9
131,8,8,45,19,19,0.0,0.32083280000369996,fusion_thr@0.9
133,8,8,80,51,51,0.0,0.26586650000535883,fusion_thr@0.9
135,8,8,43,14,14,0.0,0.29292500000155997,fusion_thr@0.9
137,8,8,82,51,51,0.0,0.32395889997133054,fusion_thr@0.9
139,15,11,59,36,36,0.0,0.40614489995641634,fusion_thr@0.9
141,6,6,33,24,24,0.0,0.23868920000677463,fusion_thr@0.9
143,6,6,40,34,34,0.0,0.22066910001740325,fusion_thr@0.9
145,6,6,7,1,1,0.0,0.19341170000552665,fusion_thr@0.9
147,6,6,57,40,40,0.0,0.2597393999894848,fusion_thr@0.9
149,6,6,26,22,22,0.0,0.229671299981419,fusion_thr@0.9
151,6,6,5,2,2,0.0,0.2172093999979552,fusion_thr@0.9
153,6,6,6,4,4,0.0,0.22370809997664765,fusion_thr@0.9
155,6,6,23,22,22,0.0,0.21753909999097232,fusion_thr@0.9
157,6,6,37,36,36,0.0,0.19923449998896103,fusion_thr@0.9
159,6,6,36,31,31,0.0,0.2080483000172535,fusion_thr@0.9
161,6,6,94,86,86,0.0,0.23517549998359755,fusion_thr@0.9
163,6,6,112,105,105,0.0,0.25038260003202595,fusion_thr@0.9
165,6,6,33,28,28,0.0,0.21512870000151452,fusion_thr@0.9
167,6,6,46,33,33,0.0,0.2574335999961477,fusion_thr@0.9
169,6,6,90,63,63,0.0,0.21126209999783896,fusion_thr@0.9
171,6,6,60,59,59,0.0,0.2257666000223253,fusion_thr@0.9
173,6,6,76,68,68,0.0,0.24880620001931675,fusion_thr@0.9
175,6,6,40,37,37,0.0,0.21637889997509774,fusion_thr@0.9
177,6,6,44,29,29,0.0,0.23393400000350084,fusion_thr@0.9
179,6,6,51,46,46,0.0,0.23130299999320414,fusion_thr@0.9
181,6,6,77,66,66,0.0,0.22219719999702647,fusion_thr@0.9
183,6,6,72,60,60,0.0,0.22721690003527328,fusion_thr@0.9
185,8,8,84,70,70,0.0,0.29729560000123456,fusion_thr@0.9
187,8,8,16,5,5,0.0,0.26405360002536327,fusion_thr@0.9
189,8,8,47,27,27,0.0,0.27118380001047626,fusion_thr@0.9
191,8,8,32,18,18,0.0,0.2893216999946162,fusion_thr@0.9
193,8,6,19,11,11,0.0,0.23794040002394468,fusion_thr@0.9
195,8,8,54,41,41,0.0,0.29112729999178555,fusion_thr@0.9
197,8,7,45,32,32,0.0,0.23857490000955295,fusion_thr@0.9
199,8,8,69,45,45,0.0,0.27619119998416863,fusion_thr@0.9
201,8,7,46,34,34,0.0,0.22767089995613787,fusion_thr@0.9
203,8,8,63,43,43,0.0,0.25708949999534525,fusion_thr@0.9
205,8,6,59,47,47,0.0,0.22056050001992844,fusion_thr@0.9
207,8,8,65,46,46,0.0,0.294655200021225,fusion_thr@0.9
209,8,8,92,54,54,0.0,0.2601216999901226,fusion_thr@0.9
211,8,8,116,75,75,0.0,0.40172520000487566,fusion_thr@0.9
213,8,8,98,35,35,0.0,0.28824700000404846,fusion_thr@0.9
215,8,8,48,33,33,0.0,0.28810730001714546,fusion_thr@0.9
217,8,8,36,13,13,0.0,0.24079990001337137,fusion_thr@0.9
219,8,8,53,41,41,0.0,0.27395139999862295,fusion_thr@0.9
221,8,6,35,27,27,0.0,0.1988042000157293,fusion_thr@0.9
223,8,6,29,20,20,0.0,0.21632850002788473,fusion_thr@0.9
225,8,4,21,19,19,0.0,0.14006820000940934,fusion_thr@0.9
227,8,8,40,28,28,0.0,0.2426807999581797,fusion_thr@0.9
229,8,4,32,26,25,0.0,0.14571140000771265,fusion_thr@0.9
231,8,4,35,27,26,0.0,0.15135399997234344,fusion_thr@0.9
233,8,8,60,53,53,0.0,0.29694580000068527,fusion_thr@0.9
235,8,8,64,42,42,0.0,0.27268480001657736,fusion_thr@0.9
237,8,8,58,25,25,0.0,0.2581505999987712,fusion_thr@0.9
239,8,2,10,8,8,0.0,0.09284610001486726,fusion_thr@0.9
241,8,2,7,5,5,0.0,0.09472540000570007,fusion_thr@0.9
243,8,3,8,8,8,0.0,0.11265190002450254,fusion_thr@0.9
245,8,3,14,12,12,0.0,0.13478190000751056,fusion_thr@0.9
247,8,8,72,40,40,0.0,0.2632715000072494,fusion_thr@0.9
249,8,8,64,32,32,0.0,0.31126739997125696,fusion_thr@0.9
251,8,8,91,55,55,0.0,0.24951429999782704,fusion_thr@0.9
253,8,7,60,26,26,0.0,0.25597459997516125,fusion_thr@0.9
255,8,8,104,79,79,0.0,0.3104231000179425,fusion_thr@0.9
257,8,8,86,59,59,0.0,0.29853890000958927,fusion_thr@0.9
259,8,7,71,49,49,0.0,0.2360832999984268,fusion_thr@0.9
261,8,8,60,27,27,0.0,0.2586710000032326,fusion_thr@0.9
263,8,8,89,57,57,0.0,0.29575970002042595,fusion_thr@0.9
265,8,8,36,14,14,0.0,0.2775555000116583,fusion_thr@0.9
267,8,8,60,47,47,0.0,0.2759463999827858,fusion_thr@0.9
269,8,8,108,89,89,0.0,0.28070029999071267,fusion_thr@0.9
271,8,8,104,69,69,0.0,0.2710879000078421,fusion_thr@0.9
273,8,8,82,64,64,0.0,0.29338640003697947,fusion_thr@0.9
275,8,8,73,50,50,0.0,0.24601660000917036,fusion_thr@0.9
277,8,8,64,40,40,0.0,0.26251409998803865,fusion_thr@0.9
279,8,8,68,45,45,0.0,0.26738239999394864,fusion_thr@0.9
281,8,8,69,43,43,0.0,0.2969157000334235,fusion_thr@0.9
283,15,3,9,7,7,0.0,0.10687599999073427,fusion_thr@0.9
285,15,1,4,0,0,0.0,0.07513379999727476,fusion_thr@0.9
287,8,8,39,20,20,0.0,0.2359679000073811,fusion_thr@0.9
289,8,8,79,63,63,0.0,0.2907959000294795,fusion_thr@0.9
291,8,7,60,40,40,0.0,0.24775140002020635,fusion_thr@0.9
293,8,7,61,41,41,0.0,0.24078750000626314,fusion_thr@0.9
295,8,8,49,35,35,0.0,0.24114070000359789,fusion_thr@0.9
297,8,8,20,9,9,0.0,0.26944979997642804,fusion_thr@0.9
299,8,8,31,12,12,0.0,0.27111240003432613,fusion_thr@0.9
301,8,7,18,4,4,0.0,0.24616280001646373,fusion_thr@0.9
303,8,7,60,24,24,0.0,0.245615199994063,fusion_thr@0.9
305,8,8,50,25,25,0.0,0.2974516999965999,fusion_thr@0.9
307,8,8,31,12,12,0.0,0.3596516999823507,fusion_thr@0.9
309,8,7,32,8,8,0.0,0.25394320000486914,fusion_thr@0.9
311,8,8,25,7,7,0.0,0.27508650001254864,fusion_thr@0.9
313,8,8,28,6,6,0.0,0.26753880000615027,fusion_thr@0.9
315,8,8,37,15,15,0.0,0.250579799991101,fusion_thr@0.9
317,8,8,36,20,20,0.0,0.2500509000092279,fusion_thr@0.9
319,8,8,33,11,11,0.0,0.29705410001042765,fusion_thr@0.9
321,8,8,37,18,18,0.0,0.2874759999976959,fusion_thr@0.9
323,8,6,69,52,52,0.0,0.20698259999335278,fusion_thr@0.9
325,8,7,59,50,50,0.0,0.2591019999963464,fusion_thr@0.9
327,8,8,70,27,27,0.0,0.2865311999776168,fusion_thr@0.9
329,8,8,45,20,20,0.0,0.28067619998182636,fusion_thr@0.9
331,8,8,53,24,24,0.0,0.27846149998367764,fusion_thr@0.9
333,8,8,69,43,43,0.0,0.27827090000209864,fusion_thr@0.9
335,8,8,66,32,32,0.0,0.2660017999878619,fusion_thr@0.9
337,8,8,64,33,33,0.0,0.28415220002352726,fusion_thr@0.9
339,8,8,54,25,25,0.0,0.25527900000452064,fusion_thr@0.9
341,8,7,67,35,35,0.0,0.2552476999844657,fusion_thr@0.9
343,8,6,86,65,65,0.0,0.22751939999579918,fusion_thr@0.9
345,8,8,103,51,51,0.0,0.30107599997427315,fusion_thr@0.9
347,8,8,172,102,102,0.0,0.30450650000420865,fusion_thr@0.9
349,8,8,66,27,27,0.0,0.28390229999786243,fusion_thr@0.9
351,8,8,144,68,68,0.0,0.26588099997024983,fusion_thr@0.9
353,8,8,154,87,87,0.0,0.29125549997843336,fusion_thr@0.9
355,8,8,154,101,101,0.0,0.2953745999839157,fusion_thr@0.9
357,8,6,161,105,105,0.0,0.22846840000420343,fusion_thr@0.9
359,8,8,85,37,37,0.0,0.22971649997634813,fusion_thr@0.9
361,8,8,113,58,58,0.0,0.28410360000270884,fusion_thr@0.9
363,8,8,89,70,70,0.0,0.2847029999975348,fusion_thr@0.9
365,8,8,71,48,48,0.0,0.2663171999884071,fusion_thr@0.9
367,8,8,137,113,113,0.0,0.2721447999792872,fusion_thr@0.9
369,8,8,186,168,168,0.0,0.29761369999323506,fusion_thr@0.9
371,8,8,126,97,97,0.0,0.26237689997651614,fusion_thr@0.9
373,8,8,275,231,231,0.0,0.2952006999839796,fusion_thr@0.9
375,8,8,271,236,236,0.0,0.2948478999751387,fusion_thr@0.9
377,8,8,72,39,39,0.0,0.24664839998877142,fusion_thr@0.9
379,8,8,60,34,34,0.0,0.26147920000948943,fusion_thr@0.9
381,8,8,76,44,44,0.0,0.27740770000673365,fusion_thr@0.9
383,8,8,52,31,31,0.0,0.2877932999981567,fusion_thr@0.9
385,8,8,78,54,54,0.0,0.2593104000116,fusion_thr@0.9
387,8,8,84,33,33,0.0,0.24461079997126944,fusion_thr@0.9
389,8,8,58,23,23,0.0,0.27938120004546363,fusion_thr@0.9
391,8,8,61,26,26,0.0,0.23390170000493526,fusion_thr@0.9
393,8,8,63,34,34,0.0,0.24381380001432262,fusion_thr@0.9
395,8,8,148,139,139,0.0,0.24902310001198202,fusion_thr@0.9
397,8,8,81,68,68,0.0,0.2548374000034528,fusion_thr@0.9
399,8,7,36,26,26,0.0,0.21443369997723494,fusion_thr@0.9
401,8,7,28,23,23,0.0,0.2383858999965014,fusion_thr@0.9
403,8,1,11,7,6,0.0,0.06321880000177771,fusion_thr@0.9
405,8,8,29,17,17,0.0,0.3652864000032423,fusion_thr@0.9
407,8,6,6,1,1,0.0,0.2133499999763444,fusion_thr@0.9
409,8,3,7,2,2,0.0,0.12277690001064911,fusion_thr@0.9
411,8,5,55,35,32,0.0,0.17845649998344015,fusion_thr@0.9
413,8,8,56,33,33,0.0,0.24605120002524927,fusion_thr@0.9
415,8,8,72,47,47,0.0,0.27887069997086655,fusion_thr@0.9
417,8,8,59,27,27,0.0,0.28649529999529477,fusion_thr@0.9
419,8,4,51,34,34,0.0,0.15233579999767244,fusion_thr@0.9
421,8,8,63,41,41,0.0,0.2532359000033466,fusion_thr@0.9
423,8,8,93,74,74,0.0,0.2946029000013368,fusion_thr@0.9
425,8,8,54,41,41,0.0,0.29380159999709576,fusion_thr@0.9
427,8,6,111,93,93,0.0,0.21292150001681875,fusion_thr@0.9
429,8,8,74,50,50,0.0,0.2687603000085801,fusion_thr@0.9
431,8,8,98,78,78,0.0,0.24829439997847658,fusion_thr@0.9
433,8,8,76,50,50,0.0,0.25630689998797607,fusion_thr@0.9
435,8,8,94,66,66,0.0,0.23210980001022108,fusion_thr@0.9
437,8,8,80,59,59,0.0,0.24368490002234466,fusion_thr@0.9
439,8,8,51,31,31,0.0,0.26600120004150085,fusion_thr@0.9
441,8,7,35,20,20,0.0,0.2419404999818653,fusion_thr@0.9
443,8,8,57,23,23,0.0,0.23772209999151528,fusion_thr@0.9
445,8,8,97,69,69,0.0,0.2771538000233704,fusion_thr@0.9
447,8,8,45,33,33,0.0,0.24009719998866785,fusion_thr@0.9
449,8,8,81,45,45,0.0,0.2646393999893917,fusion_thr@0.9
451,8,8,50,13,13,0.0,0.30735480002476834,fusion_thr@0.9
453,8,8,73,46,46,0.0,0.31206709999241866,fusion_thr@0.9
455,8,8,37,16,16,0.0,0.25193090000539087,fusion_thr@0.9
457,8,8,53,23,23,0.0,0.2743998000078136,fusion_thr@0.9
459,8,8,72,38,38,0.0,0.2728713000105927,fusion_thr@0.9
461,8,8,27,15,15,0.0,0.26559699996141717,fusion_thr@0.9
463,8,5,19,6,6,0.0,0.17526059999363497,fusion_thr@0.9
465,8,8,68,64,64,0.0,0.24789760002749972,fusion_thr@0.9
467,8,8,53,40,40,0.0,0.24207429999660235,fusion_thr@0.9
469,8,8,71,60,60,0.0,0.26776100001006853,fusion_thr@0.9
471,8,8,83,64,64,0.0,0.29148349999741185,fusion_thr@0.9
473,8,8,24,3,3,0.0,0.26258519996190444,fusion_thr@0.9
475,8,8,26,5,5,0.0,0.3851460000296356,fusion_thr@0.9
477,8,8,17,6,6,0.0,0.3738077000161866,fusion_thr@0.9
479,8,6,7,3,3,0.0,0.3073347999888938,fusion_thr@0.9
481,8,8,19,6,6,0.0,0.38217080001777504,fusion_thr@0.9
483,8,8,84,68,68,0.0,0.3480674999736948,fusion_thr@0.9
485,8,8,61,35,35,0.0,0.3892338000005111,fusion_thr@0.9
487,8,7,41,16,16,0.0,0.3620729999965988,fusion_thr@0.9
489,8,4,27,23,23,0.0,0.23002730000007432,fusion_thr@0.9
491,8,8,96,71,71,0.0,0.33071220002602786,fusion_thr@0.9
493,8,8,83,61,61,0.0,0.3677734999801032,fusion_thr@0.9
495,8,8,75,51,51,0.0,0.4202346999954898,fusion_thr@0.9
497,8,8,71,50,50,0.0,0.26778570002352353,fusion_thr@0.9
499,8,7,79,65,65,0.0,0.24251370001002215,fusion_thr@0.9
501,8,8,63,36,36,0.0,0.1930148000101326,fusion_thr@0.9
503,8,7,60,41,41,0.0,0.2732357999921078,fusion_thr@0.9
505,8,8,77,54,54,0.0,0.257521200022893,fusion_thr@0.9
507,8,8,77,60,60,0.0,0.294451299982029,fusion_thr@0.9
509,8,8,80,61,61,0.0,0.2791514999989886,fusion_thr@0.9
511,8,8,30,15,15,0.0,0.2774187999893911,fusion_thr@0.9
513,8,8,29,6,6,0.0,0.26156369999807794,fusion_thr@0.9
515,8,8,12,0,0,0.0,0.2613423000148032,fusion_thr@0.9
517,8,8,31,25,25,0.0,0.27348559998790734,fusion_thr@0.9
519,8,4,10,2,2,0.0,0.1367718999972567,fusion_thr@0.9
521,8,7,57,35,35,0.0,0.21945559997402597,fusion_thr@0.9
523,8,6,55,28,28,0.0,0.2037683999806177,fusion_thr@0.9
525,8,8,38,17,17,0.0,0.24548200001299847,fusion_thr@0.9
527,8,8,56,25,25,0.0,0.27690799998526927,fusion_thr@0.9
529,8,8,31,7,7,0.0,0.24940210000204388,fusion_thr@0.9
531,8,7,46,28,28,0.0,0.2229113000066718,fusion_thr@0.9
533,8,6,40,27,27,0.0,0.22075720003340393,fusion_thr@0.9
535,8,5,6,0,0,0.0,0.19237960000464227,fusion_thr@0.9
537,8,6,51,12,12,0.0,0.1875375000090571,fusion_thr@0.9
539,8,8,41,10,10,0.0,0.2723244999797316,fusion_thr@0.9
541,8,8,11,2,2,0.0,0.2580310000194004,fusion_thr@0.9
543,8,8,16,0,0,0.0,0.24581169997691177,fusion_thr@0.9
545,6,6,52,39,39,0.0,0.18906709995644633,fusion_thr@0.9
547,6,6,56,51,51,0.0,0.20976709999376908,fusion_thr@0.9
1,15,15,56,42,42,0.0,0.46330510001280345,router_global@op
3,15,13,27,18,18,0.0,0.4024976000218885,router_global@op
5,15,15,86,7,7,0.0,0.5105461000202922,router_global@op
7,15,15,91,50,50,0.0,0.4860124000260839,router_global@op
9,15,13,108,76,76,0.0,0.4364382000203477,router_global@op
11,6,6,10,10,10,0.0,0.23971049996907823,router_global@op
13,6,6,33,27,27,0.0,0.20339450000028592,router_global@op
15,6,6,13,4,4,0.0,0.195511300014914,router_global@op
17,6,6,30,26,26,0.0,0.1974160999961896,router_global@op
19,6,6,15,4,4,0.0,0.21091850000084378,router_global@op
21,6,6,15,6,6,0.0,0.193886900000507,router_global@op
23,6,6,10,10,10,0.0,0.20038839998596814,router_global@op
25,8,3,8,0,0,0.0,0.1099168000073405,router_global@op
27,8,4,21,2,2,0.0,0.15389879999565892,router_global@op
29,8,3,9,0,0,0.0,0.12298299997928552,router_global@op
31,8,3,12,0,0,0.0,0.10681980001390912,router_global@op
33,8,4,13,0,0,0.0,0.1520611000014469,router_global@op
35,8,8,37,9,9,0.0,0.25515359999553766,router_global@op
37,6,6,69,44,44,0.0,0.2288970999798039,router_global@op
39,8,5,26,5,5,0.0,0.1641358999768272,router_global@op
41,8,4,26,5,5,0.0,0.1601869999867631,router_global@op
43,8,7,43,14,14,0.0,0.2304133999714395,router_global@op
45,8,8,70,21,21,0.0,0.23756500000308733,router_global@op
47,6,6,83,71,71,0.0,0.2184170999971684,router_global@op
49,6,6,63,39,39,0.0,0.19947690001572482,router_global@op
51,6,6,103,92,92,0.0,0.30786169998464175,router_global@op
53,8,1,1,0,0,0.0,0.059164099977351725,router_global@op
55,8,0,4,0,0,0.0,0.03407530000549741,router_global@op
57,8,4,5,0,0,0.0,0.15238999997382052,router_global@op
59,8,0,3,0,0,0.0,0.03271969998604618,router_global@op
61,8,1,2,0,0,0.0,0.06289719998312648,router_global@op
63,6,6,45,40,40,0.0,0.21286150001105852,router_global@op
65,6,6,40,33,33,0.0,0.21129910003219265,router_global@op
67,6,6,26,17,17,0.0,0.22839609999209642,router_global@op
69,6,6,40,34,34,0.0,0.212286000023596,router_global@op
71,8,8,59,34,34,0.0,0.28677050000987947,router_global@op
73,8,8,92,60,60,0.0,0.2773540999914985,router_global@op
75,15,15,162,50,50,0.0,0.47038130002329126,router_global@op
77,6,6,34,24,24,0.0,0.18954769997799303,router_global@op
79,6,6,38,38,38,0.0,0.18685910000931472,router_global@op
81,6,6,28,25,25,0.0,0.21856020000996068,router_global@op
83,6,6,33,28,28,0.0,0.21364109999558423,router_global@op
85,6,6,45,42,42,0.0,0.21488129999488592,router_global@op
87,6,6,52,47,47,0.0,0.1988596999726724,router_global@op
89,6,6,76,63,63,0.0,0.22604009999486152,router_global@op
91,6,6,51,45,45,0.0,0.21775969996815547,router_global@op
93,6,6,36,31,31,0.0,0.22510859995963983,router_global@op
95,6,6,29,25,25,0.0,0.22845250001410022,router_global@op
97,6,6,36,29,29,0.0,0.25240710002253763,router_global@op
99,6,6,36,31,31,0.0,0.22838959998625796,router_global@op
101,15,12,50,11,11,0.0,0.39925509996828623,router_global@op
103,6,6,51,44,44,0.0,0.25483670001267456,router_global@op
105,6,6,59,53,53,0.0,0.2261393000226235,router_global@op
107,6,6,41,40,40,0.0,0.20991999997931998,router_global@op
109,6,6,26,26,26,0.0,0.1930145999940578,router_global@op
111,6,6,34,32,32,0.0,0.21039559999189805,router_global@op
113,6,6,88,83,83,0.0,0.2691914999886649,router_global@op
115,6,6,36,26,26,0.0,0.23901370000385214,router_global@op
117,6,6,16,11,11,0.0,0.24024999998800922,router_global@op
119,6,6,13,4,4,0.0,0.21806460001971573,router_global@op
121,8,8,79,50,50,0.0,0.32427939999615774,router_global@op
123,8,8,130,81,81,0.0,0.31343549997836817,router_global@op
125,8,8,120,85,85,0.0,0.3065331999969203,router_global@op
127,8,8,79,43,43,0.0,0.28632369998376817,router_global@op
129,8,6,52,16,16,0.0,0.22187769999436568,router_global@op
131,8,8,45,19,19,0.0,0.32081179998931475,router_global@op
133,8,8,80,51,51,0.0,0.266554299989366,router_global@op
135,8,8,43,14,14,0.0,0.29247770000074524,router_global@op
137,8,8,82,51,51,0.0,0.3222990999784088,router_global@op
139,15,13,59,36,36,0.0,0.4724420999700669,router_global@op
141,6,6,33,24,24,0.0,0.23781799999414943,router_global@op
143,6,6,40,34,34,0.0,0.22068130000843666,router_global@op
145,6,2,7,1,0,0.0,0.09018569999898318,router_global@op
147,6,6,57,40,40,0.0,0.2583627999993041,router_global@op
149,6,6,26,22,22,0.0,0.22776079998584464,router_global@op
151,6,6,5,2,2,0.0,0.2195363999926485,router_global@op
153,6,6,6,4,4,0.0,0.22376039998198394,router_global@op
155,6,6,23,22,22,0.0,0.2174903999984963,router_global@op
157,6,6,37,36,36,0.0,0.19791559998702724,router_global@op
159,6,6,36,31,31,0.0,0.20717230001173448,router_global@op
161,6,6,94,86,86,0.0,0.2351141999970423,router_global@op
163,6,6,112,105,105,0.0,0.2520848000131082,router_global@op
165,6,6,33,28,28,0.0,0.21211180000682361,router_global@op
167,6,6,46,33,33,0.0,0.25578790000872687,router_global@op
169,6,6,90,63,63,0.0,0.21008839999558404,router_global@op
171,6,6,60,59,59,0.0,0.2268954000173835,router_global@op
173,6,6,76,68,68,0.0,0.24899540001933929,router_global@op
175,6,6,40,37,37,0.0,0.21479119997820817,router_global@op
177,6,6,44,29,29,0.0,0.23417029999836814,router_global@op
179,6,6,51,46,46,0.0,0.2301650999870617,router_global@op
181,6,6,77,66,66,0.0,0.22390630000154488,router_global@op
183,6,6,72,60,60,0.0,0.2259135000349488,router_global@op
185,8,8,84,70,70,0.0,0.29654879998997785,router_global@op
187,8,5,16,5,5,0.0,0.17193910000787582,router_global@op
189,8,8,47,27,27,0.0,0.2710317000019131,router_global@op
191,8,8,32,18,18,0.0,0.2897760999912862,router_global@op
193,8,6,19,11,11,0.0,0.23808560002362356,router_global@op
195,8,8,54,41,41,0.0,0.28843899999628775,router_global@op
197,8,8,45,32,32,0.0,0.2675572000152897,router_global@op
199,8,8,69,45,45,0.0,0.27425429999129847,router_global@op
201,8,8,46,34,34,0.0,0.26203359993814956,router_global@op
203,8,8,63,43,43,0.0,0.2565906000090763,router_global@op
205,8,8,59,47,47,0.0,0.26868370003649034,router_global@op
207,8,8,65,46,46,0.0,0.29142040001170244,router_global@op
209,8,8,92,54,54,0.0,0.25951779999013525,router_global@op
211,8,8,116,75,75,0.0,0.4012860000075307,router_global@op
213,8,8,98,35,35,0.0,0.291540400008671,router_global@op
215,8,8,48,33,33,0.0,0.28555460000643507,router_global@op
217,8,7,36,13,13,0.0,0.2205470000189962,router_global@op
219,8,7,53,41,41,0.0,0.2398937000107253,router_global@op
221,8,6,35,27,27,0.0,0.19873960001859814,router_global@op
223,8,7,29,20,20,0.0,0.2520187000336591,router_global@op
225,8,7,21,19,19,0.0,0.2219207000307506,router_global@op
227,8,8,40,28,28,0.0,0.24134209996555,router_global@op
229,8,4,32,26,25,0.0,0.14637330001278315,router_global@op
231,8,8,35,27,27,0.0,0.25623049997375347,router_global@op
233,8,8,60,53,53,0.0,0.29960929999651853,router_global@op
235,8,8,64,42,42,0.0,0.2722471000161022,router_global@op
237,8,8,58,25,25,0.0,0.25704749999567866,router_global@op
239,8,4,10,8,8,0.0,0.1292350999865448,router_global@op
241,8,6,7,5,5,0.0,0.2030978000111645,router_global@op
243,8,6,8,8,8,0.0,0.1997719000064535,router_global@op
245,8,8,14,12,12,0.0,0.2806554000271717,router_global@op
247,8,8,72,40,40,0.0,0.2649710999976378,router_global@op
249,8,8,64,32,32,0.0,0.30972699997073505,router_global@op
251,8,8,91,55,55,0.0,0.24952199999825098,router_global@op
253,8,5,60,26,26,0.0,0.20808989998477045,router_global@op
255,8,8,104,79,79,0.0,0.3118754000024637,router_global@op
257,8,8,86,59,59,0.0,0.29593860000022687,router_global@op
259,8,8,71,49,49,0.0,0.26717950000602286,router_global@op
261,8,6,60,27,27,0.0,0.19245380000211298,router_global@op
263,8,8,89,57,57,0.0,0.2953012000070885,router_global@op
265,8,8,36,14,14,0.0,0.2800013000087347,router_global@op
267,8,8,60,47,47,0.0,0.27366239998082165,router_global@op
269,8,8,108,89,89,0.0,0.27872809999098536,router_global@op
271,8,8,104,69,69,0.0,0.27002720000746194,router_global@op
273,8,8,82,64,64,0.0,0.29251240004668944,router_global@op
275,8,8,73,50,50,0.0,0.2466506000055233,router_global@op
277,8,8,64,40,40,0.0,0.2624643000017386,router_global@op
279,8,8,68,45,45,0.0,0.2661624999891501,router_global@op
281,8,8,69,43,43,0.0,0.29646570004115347,router_global@op
283,15,14,9,7,7,0.0,0.40978079997876193,router_global@op
285,15,13,4,0,0,0.0,0.3735502999770688,router_global@op
287,8,8,39,20,20,0.0,0.2355115999962436,router_global@op
289,8,8,79,63,63,0.0,0.28985350001312327,router_global@op
291,8,7,60,40,40,0.0,0.24774920001800638,router_global@op
293,8,8,61,41,41,0.0,0.26473260000057053,router_global@op
295,8,8,49,35,35,0.0,0.24058060001698323,router_global@op
297,8,8,20,9,9,0.0,0.2738112999795703,router_global@op
299,8,8,31,12,12,0.0,0.2704103000141913,router_global@op
301,8,7,18,4,4,0.0,0.2458957000199007,router_global@op
303,8,8,60,24,24,0.0,0.26274580000608694,router_global@op
305,8,8,50,25,25,0.0,0.2971057999966433,router_global@op
307,8,8,31,12,12,0.0,0.359404299990274,router_global@op
309,8,8,32,8,8,0.0,0.2845065000001341,router_global@op
311,8,8,25,7,7,0.0,0.2752782000025036,router_global@op
313,8,8,28,6,6,0.0,0.2670282000035513,router_global@op
315,8,8,37,15,15,0.0,0.24781690000963863,router_global@op
317,8,8,36,20,20,0.0,0.24853770002664533,router_global@op
319,8,8,33,11,11,0.0,0.29560870002023876,router_global@op
321,8,8,37,18,18,0.0,0.289779600003385,router_global@op
323,8,6,69,52,52,0.0,0.2073567999905208,router_global@op
325,8,8,59,50,50,0.0,0.28964829999313224,router_global@op
327,8,8,70,27,27,0.0,0.2836470999609446,router_global@op
329,8,8,45,20,20,0.0,0.2801667999738129,router_global@op
331,8,8,53,24,24,0.0,0.2771003999951063,router_global@op
333,8,8,69,43,43,0.0,0.2789879000047222,router_global@op
335,8,8,66,32,32,0.0,0.26713209999434184,router_global@op
337,8,8,64,33,33,0.0,0.2841634000214981,router_global@op
339,8,8,54,25,25,0.0,0.25652600001194514,router_global@op
341,8,8,67,35,35,0.0,0.2898816999804694,router_global@op
343,8,8,86,65,65,0.0,0.2855008999904385,router_global@op
345,8,8,103,51,51,0.0,0.301285999987158,router_global@op
347,8,8,172,102,102,0.0,0.3043864999926882,router_global@op
349,8,8,66,27,27,0.0,0.28480030001082923,router_global@op
351,8,8,144,68,68,0.0,0.26399639996816404,router_global@op
353,8,8,154,87,87,0.0,0.29102679998322856,router_global@op
355,8,8,154,101,101,0.0,0.29518709998228587,router_global@op
357,8,7,161,105,105,0.0,0.25972709999768995,router_global@op
359,8,8,85,37,37,0.0,0.2296941999811679,router_global@op
361,8,8,113,58,58,0.0,0.282346799998777,router_global@op
363,8,8,89,70,70,0.0,0.2833356999908574,router_global@op
365,8,8,71,48,48,0.0,0.26556309999432415,router_global@op
367,8,8,137,113,113,0.0,0.2709844999772031,router_global@op
369,8,8,186,168,168,0.0,0.3008446999883745,router_global@op
371,8,8,126,97,97,0.0,0.2636283999745501,router_global@op
373,8,8,275,231,231,0.0,0.2946090000041295,router_global@op
375,8,8,271,236,236,0.0,0.29402819997631013,router_global@op
377,8,8,72,39,39,0.0,0.24871559998427983,router_global@op
379,8,8,60,34,34,0.0,0.2612745000224095,router_global@op
381,8,8,76,44,44,0.0,0.2771828000113601,router_global@op
383,8,8,52,31,31,0.0,0.2876525000028778,router_global@op
385,8,8,78,54,54,0.0,0.2584655000100611,router_global@op
387,8,8,84,33,33,0.0,0.24255459997220896,router_global@op
389,8,8,58,23,23,0.0,0.28181020004558377,router_global@op
391,8,8,61,26,26,0.0,0.23378300000331365,router_global@op
393,8,8,63,34,34,0.0,0.2434940000239294,router_global@op
395,8,8,148,139,139,0.0,0.24859210001886822,router_global@op
397,8,8,81,68,68,0.0,0.2539069000049494,router_global@op
399,8,8,36,26,26,0.0,0.24186089998693205,router_global@op
401,8,8,28,23,23,0.0,0.2700927999976557,router_global@op
403,8,4,11,7,7,0.0,0.15384199999971315,router_global@op
405,8,6,29,17,17,0.0,0.31659420000505634,router_global@op
407,8,6,6,1,1,0.0,0.2089339999947697,router_global@op
409,8,4,7,2,2,0.0,0.15845130001252983,router_global@op
411,8,8,55,35,35,0.0,0.2660745999746723,router_global@op
413,8,8,56,33,33,0.0,0.2453751000284683,router_global@op
415,8,8,72,47,47,0.0,0.2781842999829678,router_global@op
417,8,8,59,27,27,0.0,0.2884454000159167,router_global@op
419,8,6,51,34,34,0.0,0.21226540001225658,router_global@op
421,8,8,63,41,41,0.0,0.2530049000051804,router_global@op
423,8,8,93,74,74,0.0,0.29438049999589566,router_global@op
425,8,8,54,41,41,0.0,0.29465969998273067,router_global@op
427,8,8,111,93,93,0.0,0.28023440000833943,router_global@op
429,8,8,74,50,50,0.0,0.27027070001349784,router_global@op
431,8,8,98,78,78,0.0,0.24735059999511577,router_global@op
433,8,8,76,50,50,0.0,0.2561115999997128,router_global@op
435,8,8,94,66,66,0.0,0.2316356000083033,router_global@op
437,8,8,80,59,59,0.0,0.24325100002170075,router_global@op
439,8,8,51,31,31,0.0,0.26563310003257357,router_global@op
441,8,5,35,20,20,0.0,0.19337149999046233,router_global@op
443,8,8,57,23,23,0.0,0.23715409998840187,router_global@op
445,8,8,97,69,69,0.0,0.27669490002153907,router_global@op
447,8,7,45,33,33,0.0,0.2152864999807207,router_global@op
449,8,8,81,45,45,0.0,0.26397349998296704,router_global@op
451,8,8,50,13,13,0.0,0.3058525000233203,router_global@op
453,8,8,73,46,46,0.0,0.31386869998823386,router_global@op
455,8,8,37,16,16,0.0,0.2516648000164423,router_global@op
457,8,8,53,23,23,0.0,0.27403460000641644,router_global@op
459,8,8,72,38,38,0.0,0.27252660000522155,router_global@op
461,8,6,27,15,15,0.0,0.21446809997723904,router_global@op
463,8,6,19,6,6,0.0,0.20518160000210628,router_global@op
465,8,8,68,64,64,0.0,0.24720610001531895,router_global@op
467,8,8,53,40,40,0.0,0.2438234999863198,router_global@op
469,8,8,71,60,60,0.0,0.26715620000322815,router_global@op
471,8,8,83,64,64,0.0,0.2908203999977559,router_global@op
473,8,8,24,3,3,0.0,0.26062949997140095,router_global@op
475,8,7,26,5,5,0.0,0.34314060003089253,router_global@op
477,8,6,17,6,6,0.0,0.3036603000073228,router_global@op
479,8,6,7,3,3,0.0,0.2898103000043193,router_global@op
481,8,6,19,6,6,0.0,0.3023752000008244,router_global@op
483,8,8,84,68,68,0.0,0.35224229998129886,router_global@op
485,8,8,61,35,35,0.0,0.38892119999218266,router_global@op
487,8,7,41,16,16,0.0,0.36037429998395965,router_global@op
489,8,7,27,23,23,0.0,0.35980090001248755,router_global@op
491,8,8,96,71,71,0.0,0.33057970003574155,router_global@op
493,8,8,83,61,61,0.0,0.37018489999172743,router_global@op
495,8,8,75,51,51,0.0,0.4201749999920139,router_global@op
497,8,8,71,50,50,0.0,0.2666095000313362,router_global@op
499,8,8,79,65,65,0.0,0.2572999000112759,router_global@op
501,8,8,63,36,36,0.0,0.1913584000139963,router_global@op
503,8,8,60,41,41,0.0,0.3055174999899464,router_global@op
505,8,8,77,54,54,0.0,0.2570763000258012,router_global@op
507,8,8,77,60,60,0.0,0.2925612999970326,router_global@op
509,8,8,80,61,61,0.0,0.2784389999869745,router_global@op
511,8,8,30,15,15,0.0,0.27723449999757577,router_global@op
513,8,7,29,6,6,0.0,0.22800539998570457,router_global@op
515,8,3,12,0,0,0.0,0.12450380001973826,router_global@op
517,8,8,31,25,25,0.0,0.27309769998828415,router_global@op
519,8,6,10,2,2,0.0,0.18409359999350272,router_global@op
521,8,6,57,35,35,0.0,0.1869746999727795,router_global@op
523,8,6,55,28,28,0.0,0.20319309999467805,router_global@op
525,8,8,38,17,17,0.0,0.24511740001617,router_global@op
527,8,8,56,25,25,0.0,0.2765901999664493,router_global@op
529,8,8,31,7,7,0.0,0.247739400001592,router_global@op
531,8,5,46,28,28,0.0,0.15992419999383856,router_global@op
533,8,7,40,27,27,0.0,0.2591816000349354,router_global@op
535,8,0,6,0,0,0.0,0.032101299992064014,router_global@op
537,8,5,51,12,12,0.0,0.16067040000052657,router_global@op
539,8,6,41,10,10,0.0,0.2091593999939505,router_global@op
541,8,5,11,2,2,0.0,0.1775799000315601,router_global@op
543,8,5,16,0,0,0.0,0.16014389997872058,router_global@op
545,6,6,52,39,39,0.0,0.18859509995672852,router_global@op
547,6,6,56,51,51,0.0,0.20932799999718554,router_global@op
1,15,6,56,42,41,0.0,0.20259980001719669,router_matched@0.9
3,15,10,27,18,17,0.0,0.30486810000729747,router_matched@0.9
5,15,11,86,7,7,0.0,0.39122150001639966,router_matched@0.9
7,15,10,91,50,50,0.0,0.35187660000519827,router_matched@0.9
9,15,13,108,76,76,0.0,0.435064000019338,router_matched@0.9
11,6,6,10,10,10,0.0,0.23598279998986982,router_matched@0.9
13,6,6,33,27,27,0.0,0.20411750000494067,router_matched@0.9
15,6,6,13,4,4,0.0,0.19582350002019666,router_matched@0.9
17,6,6,30,26,26,0.0,0.19778669999504928,router_matched@0.9
19,6,6,15,4,4,0.0,0.21102270000847057,router_matched@0.9
21,6,6,15,6,6,0.0,0.1941724000062095,router_matched@0.9
23,6,6,10,10,10,0.0,0.19897909997962415,router_matched@0.9
25,8,7,8,0,0,0.0,0.22442020000016782,router_matched@0.9
27,8,8,21,2,2,0.0,0.24763189999794122,router_matched@0.9
29,8,6,9,0,0,0.0,0.21377630000642966,router_matched@0.9
31,8,6,12,0,0,0.0,0.19424350000917912,router_matched@0.9
33,8,8,13,0,0,0.0,0.2689162000315264,router_matched@0.9
35,8,8,37,9,9,0.0,0.2516588999860687,router_matched@0.9
37,6,6,69,44,44,0.0,0.22851929998432752,router_matched@0.9
39,8,7,26,5,5,0.0,0.2278197999985423,router_matched@0.9
41,8,4,26,5,5,0.0,0.1594001999910688,router_matched@0.9
43,8,7,43,14,14,0.0,0.22969529998954386,router_matched@0.9
45,8,8,70,21,21,0.0,0.2361743000074057,router_matched@0.9
47,6,6,83,71,71,0.0,0.21902409999165684,router_matched@0.9
49,6,6,63,39,39,0.0,0.2019099000026472,router_matched@0.9
51,6,6,103,92,92,0.0,0.3080694999807747,router_matched@0.9
53,8,0,1,0,0,0.0,0.030880599995725788,router_matched@0.9
55,8,8,4,0,0,0.0,0.29236230000969954,router_matched@0.9
57,8,8,5,0,0,0.0,0.27756739997130353,router_matched@0.9
59,8,2,3,0,0,0.0,0.09882569999899715,router_matched@0.9
61,8,6,2,0,0,0.0,0.21593229996506125,router_matched@0.9
63,6,6,45,40,40,0.0,0.2128357000183314,router_matched@0.9
65,6,6,40,33,33,0.0,0.2114261000388069,router_matched@0.9
67,6,6,26,17,17,0.0,0.23317300000053365,router_matched@0.9
69,6,6,40,34,34,0.0,0.21575710001343396,router_matched@0.9
71,8,8,59,34,34,0.0,0.2869452000159072,router_matched@0.9
73,8,8,92,60,60,0.0,0.2823730000091018,router_matched@0.9
75,15,11,162,50,50,0.0,0.3579285000159871,router_matched@0.9
77,6,6,34,24,24,0.0,0.19010769999295007,router_matched@0.9
79,6,6,38,38,38,0.0,0.19391750000067987,router_matched@0.9
81,6,6,28,25,25,0.0,0.2189451000012923,router_matched@0.9
83,6,6,33,28,28,0.0,0.21486879998701625,router_matched@0.9
85,6,6,45,42,42,0.0,0.21057250000012573,router_matched@0.9
87,6,6,52,47,47,0.0,0.1989272999780951,router_matched@0.9
89,6,6,76,63,63,0.0,0.22638849999930244,router_matched@0.9
91,6,6,51,45,45,0.0,0.21869519996107556,router_matched@0.9
93,6,6,36,31,31,0.0,0.22492409996630158,router_matched@0.9
95,6,6,29,25,25,0.0,0.2288801999966381,router_matched@0.9
97,6,6,36,29,29,0.0,0.2523043000110192,router_matched@0.9
99,6,6,36,31,31,0.0,0.22871779999695718,router_matched@0.9
101,15,8,50,11,11,0.0,0.26983279998239595,router_matched@0.9
103,6,6,51,44,44,0.0,0.25262579999980517,router_matched@0.9
105,6,6,59,53,53,0.0,0.22613700001966208,router_matched@0.9
107,6,6,41,40,40,0.0,0.20994299997983035,router_matched@0.9
109,6,6,26,26,26,0.0,0.1933254999894416,router_matched@0.9
111,6,6,34,32,32,0.0,0.21380369999678805,router_matched@0.9
113,6,6,88,83,83,0.0,0.26630889998341445,router_matched@0.9
115,6,6,36,26,26,0.0,0.23957950000476558,router_matched@0.9
117,6,6,16,11,11,0.0,0.24092769998242147,router_matched@0.9
119,6,6,13,4,4,0.0,0.21879700000863522,router_matched@0.9
121,8,8,79,50,50,0.0,0.3261190999910468,router_matched@0.9
123,8,8,130,81,81,0.0,0.31062349998683203,router_matched@0.9
125,8,8,120,85,85,0.0,0.3071347999939462,router_matched@0.9
127,8,8,79,43,43,0.0,0.28470889998425264,router_matched@0.9
129,8,8,52,16,16,0.0,0.26817379998101387,router_matched@0.9
131,8,8,45,19,19,0.0,0.32107489999907557,router_matched@0.9
133,8,8,80,51,51,0.0,0.2674764999828767,router_matched@0.9
135,8,8,43,14,14,0.0,0.2953249999991385,router_matched@0.9
137,8,8,82,51,51,0.0,0.32499449998431373,router_matched@0.9
139,15,11,59,36,36,0.0,0.4071375999628799,router_matched@0.9
141,6,6,33,24,24,0.0,0.24007559999881778,router_matched@0.9
143,6,6,40,34,34,0.0,0.22110670001711696,router_matched@0.9
145,6,6,7,1,1,0.0,0.19579380001232494,router_matched@0.9
147,6,6,57,40,40,0.0,0.2591153999965172,router_matched@0.9
149,6,6,26,22,22,0.0,0.22775159998855088,router_matched@0.9
151,6,6,5,2,2,0.0,0.21653859999787528,router_matched@0.9
153,6,6,6,4,4,0.0,0.2237345999747049,router_matched@0.9
155,6,6,23,22,22,0.0,0.21751389998826198,router_matched@0.9
157,6,6,37,36,36,0.0,0.1999698999861721,router_matched@0.9
159,6,6,36,31,31,0.0,0.2082432000170229,router_matched@0.9
161,6,6,94,86,86,0.0,0.23533499999030028,router_matched@0.9
163,6,6,112,105,105,0.0,0.2500045000197133,router_matched@0.9
165,6,6,33,28,28,0.0,0.21427960001165047,router_matched@0.9
167,6,6,46,33,33,0.0,0.2568609000009019,router_matched@0.9
169,6,6,90,63,63,0.0,0.21106119999603834,router_matched@0.9
171,6,6,60,59,59,0.0,0.22757240002101753,router_matched@0.9
173,6,6,76,68,68,0.0,0.25001530002919026,router_matched@0.9
175,6,6,40,37,37,0.0,0.21503689997189213,router_matched@0.9
177,6,6,44,29,29,0.0,0.23473909999302123,router_matched@0.9
179,6,6,51,46,46,0.0,0.2320443999778945,router_matched@0.9
181,6,6,77,66,66,0.0,0.22234530000423547,router_matched@0.9
183,6,6,72,60,60,0.0,0.22629270002653357,router_matched@0.9
185,8,8,84,70,70,0.0,0.29723749999538995,router_matched@0.9
187,8,8,16,5,5,0.0,0.2596660000272095,router_matched@0.9
189,8,8,47,27,27,0.0,0.2718120000063209,router_matched@0.9
191,8,8,32,18,18,0.0,0.2868871999962721,router_matched@0.9
193,8,6,19,11,11,0.0,0.23775490002299193,router_matched@0.9
195,8,8,54,41,41,0.0,0.28839059999154415,router_matched@0.9
197,8,7,45,32,32,0.0,0.23589360002370086,router_matched@0.9
199,8,8,69,45,45,0.0,0.2745726999855833,router_matched@0.9
201,8,7,46,34,34,0.0,0.23126209995825775,router_matched@0.9
203,8,8,63,43,43,0.0,0.25661830001627095,router_matched@0.9
205,8,6,59,47,47,0.0,0.22031620003690477,router_matched@0.9
207,8,8,65,46,46,0.0,0.29120600000896957,router_matched@0.9
209,8,8,92,54,54,0.0,0.2595803999865893,router_matched@0.9
211,8,8,116,75,75,0.0,0.40367340001103,router_matched@0.9
213,8,8,98,35,35,0.0,0.28824889998941217,router_matched@0.9
215,8,8,48,33,33,0.0,0.2855771000176901,router_matched@0.9
217,8,8,36,13,13,0.0,0.24075330000778195,router_matched@0.9
219,8,8,53,41,41,0.0,0.27372890000697225,router_matched@0.9
221,8,6,35,27,27,0.0,0.19943430001148954,router_matched@0.9
223,8,6,29,20,20,0.0,0.2239102000312414,router_matched@0.9
225,8,4,21,19,19,0.0,0.14093620001222007,router_matched@0.9
227,8,8,40,28,28,0.0,0.24137739997240715,router_matched@0.9
229,8,4,32,26,25,0.0,0.1465048000245588,router_matched@0.9
231,8,4,35,27,26,0.0,0.15341969997098204,router_matched@0.9
233,8,8,60,53,53,0.0,0.29837780000525527,router_matched@0.9
235,8,8,64,42,42,0.0,0.2726690000126837,router_matched@0.9
237,8,8,58,25,25,0.0,0.25702439999440685,router_matched@0.9
239,8,2,10,8,8,0.0,0.08091449999483302,router_matched@0.9
241,8,2,7,5,5,0.0,0.09408200001053046,router_matched@0.9
243,8,3,8,8,8,0.0,0.11286970002402086,router_matched@0.9
245,8,3,14,12,12,0.0,0.13614170001528692,router_matched@0.9
247,8,8,72,40,40,0.0,0.2621920000092359,router_matched@0.9
249,8,8,64,32,32,0.0,0.30935879997559823,router_matched@0.9
251,8,8,91,55,55,0.0,0.2497581000061473,router_matched@0.9
253,8,7,60,26,26,0.0,0.25811339999199845,router_matched@0.9
255,8,8,104,79,79,0.0,0.3110772000072757,router_matched@0.9
257,8,8,86,59,59,0.0,0.29648859999724664,router_matched@0.9
259,8,7,71,49,49,0.0,0.23617200000444427,router_matched@0.9
261,8,8,60,27,27,0.0,0.258909299998777,router_matched@0.9
263,8,8,89,57,57,0.0,0.29780030001711566,router_matched@0.9
265,8,8,36,14,14,0.0,0.27693530000397004,router_matched@0.9
267,8,8,60,47,47,0.0,0.27416569997149054,router_matched@0.9
269,8,8,108,89,89,0.0,0.2797602999926312,router_matched@0.9
271,8,8,104,69,69,0.0,0.27034200000343844,router_matched@0.9
273,8,8,82,64,64,0.0,0.29373350004607346,router_matched@0.9
275,8,8,73,50,50,0.0,0.24389549999614246,router_matched@0.9
277,8,8,64,40,40,0.0,0.26251219998812303,router_matched@0.9
279,8,8,68,45,45,0.0,0.26588859998446424,router_matched@0.9
281,8,8,69,43,43,0.0,0.29670120002992917,router_matched@0.9
283,15,3,9,7,7,0.0,0.09578620000684168,router_matched@0.9
285,15,1,4,0,0,0.0,0.06635449999885168,router_matched@0.9
287,8,8,39,20,20,0.0,0.23654690000694245,router_matched@0.9
289,8,8,79,63,63,0.0,0.29032210003060754,router_matched@0.9
291,8,7,60,40,40,0.0,0.2479732000210788,router_matched@0.9
293,8,7,61,41,41,0.0,0.23913969998829998,router_matched@0.9
295,8,8,49,35,35,0.0,0.24213320002309047,router_matched@0.9
297,8,8,20,9,9,0.0,0.2699780999973882,router_matched@0.9
299,8,8,31,12,12,0.0,0.2710419000213733,router_matched@0.9
301,8,7,18,4,4,0.0,0.24674750003032386,router_matched@0.9
303,8,7,60,24,24,0.0,0.2437437000044156,router_matched@0.9
305,8,8,50,25,25,0.0,0.29917159999604337,router_matched@0.9
307,8,8,31,12,12,0.0,0.36187119998794515,router_matched@0.9
309,8,7,32,8,8,0.0,0.25726889999350533,router_matched@0.9
311,8,8,25,7,7,0.0,0.2753647000063211,router_matched@0.9
313,8,8,28,6,6,0.0,0.26749650000419933,router_matched@0.9
315,8,8,37,15,15,0.0,0.24847020000743214,router_matched@0.9
317,8,8,36,20,20,0.0,0.2502581000153441,router_matched@0.9
319,8,8,33,11,11,0.0,0.29562560001795646,router_matched@0.9
321,8,8,37,18,18,0.0,0.2876764000102412,router_matched@0.9
323,8,6,69,52,52,0.0,0.20740159999695607,router_matched@0.9
325,8,7,59,50,50,0.0,0.26062739999906626,router_matched@0.9
327,8,8,70,27,27,0.0,0.2863488999719266,router_matched@0.9
329,8,8,45,20,20,0.0,0.28102229998330586,router_matched@0.9
331,8,8,53,24,24,0.0,0.27761599999212194,router_matched@0.9
333,8,8,69,43,43,0.0,0.27461390000826214,router_matched@0.9
335,8,8,66,32,32,0.0,0.26598669998929836,router_matched@0.9
337,8,8,64,33,33,0.0,0.2864238000038313,router_matched@0.9
339,8,8,54,25,25,0.0,0.2552033000101801,router_matched@0.9
341,8,7,67,35,35,0.0,0.25338539997756016,router_matched@0.9
343,8,6,86,65,65,0.0,0.22708149999380112,router_matched@0.9
345,8,8,103,51,51,0.0,0.3009108999831369,router_matched@0.9
347,8,8,172,102,102,0.0,0.30594989999372046,router_matched@0.9
349,8,8,66,27,27,0.0,0.28312170000572223,router_matched@0.9
351,8,8,144,68,68,0.0,0.26436109996575397,router_matched@0.9
353,8,8,154,87,87,0.0,0.2913809999736259,router_matched@0.9
355,8,8,154,101,101,0.0,0.2957264999859035,router_matched@0.9
357,8,6,161,105,105,0.0,0.23185700000612997,router_matched@0.9
359,8,8,85,37,37,0.0,0.2296832999709295,router_matched@0.9
361,8,8,113,58,58,0.0,0.28094870000495575,router_matched@0.9
363,8,8,89,70,70,0.0,0.28382219998457003,router_matched@0.9
365,8,8,71,48,48,0.0,0.26741849999234546,router_matched@0.9
367,8,8,137,113,113,0.0,0.27185419997840654,router_matched@0.9
369,8,8,186,168,168,0.0,0.29677419998915866,router_matched@0.9
371,8,8,126,97,97,0.0,0.2623339999699965,router_matched@0.9
373,8,8,275,231,231,0.0,0.2947435999958543,router_matched@0.9
375,8,8,271,236,236,0.0,0.29542809996928554,router_matched@0.9
377,8,8,72,39,39,0.0,0.24621959998330567,router_matched@0.9
379,8,8,60,34,34,0.0,0.261567500027013,router_matched@0.9
381,8,8,76,44,44,0.0,0.2775049000047147,router_matched@0.9
383,8,8,52,31,31,0.0,0.29177460000209976,router_matched@0.9
385,8,8,78,54,54,0.0,0.25866770002176054,router_matched@0.9
387,8,8,84,33,33,0.0,0.24267489997146185,router_matched@0.9
389,8,8,58,23,23,0.0,0.279145900029107,router_matched@0.9
391,8,8,61,26,26,0.0,0.23379900000873022,router_matched@0.9
393,8,8,63,34,34,0.0,0.24690960001316853,router_matched@0.9
395,8,8,148,139,139,0.0,0.2488059000170324,router_matched@0.9
397,8,8,81,68,68,0.0,0.2540566000097897,router_matched@0.9
399,8,7,36,26,26,0.0,0.21453189999738242,router_matched@0.9
401,8,7,28,23,23,0.0,0.2416901999968104,router_matched@0.9
403,8,1,11,7,6,0.0,0.06310329999541864,router_matched@0.9
405,8,8,29,17,17,0.0,0.3672742999915499,router_matched@0.9
407,8,6,6,1,1,0.0,0.20928099998855032,router_matched@0.9
409,8,3,7,2,2,0.0,0.12725970000610687,router_matched@0.9
411,8,5,55,35,35,0.0,0.1855562999844551,router_matched@0.9
413,8,8,56,33,33,0.0,0.24572180001996458,router_matched@0.9
415,8,8,72,47,47,0.0,0.2787159999861615,router_matched@0.9
417,8,8,59,27,27,0.0,0.28652180000790395,router_matched@0.9
419,8,4,51,34,34,0.0,0.15136709999933373,router_matched@0.9
421,8,8,63,41,41,0.0,0.25306440000713337,router_matched@0.9
423,8,8,93,74,74,0.0,0.2946475999924587,router_matched@0.9
425,8,8,54,41,41,0.0,0.2935455999831902,router_matched@0.9
427,8,6,111,93,93,0.0,0.23814250000577886,router_matched@0.9
429,8,8,74,50,50,0.0,0.2702084000047762,router_matched@0.9
431,8,8,98,78,78,0.0,0.2481942999875173,router_matched@0.9
433,8,8,76,50,50,0.0,0.25635859998874366,router_matched@0.9
435,8,8,94,66,66,0.0,0.23200280001037754,router_matched@0.9
437,8,8,80,59,59,0.0,0.24446890002582222,router_matched@0.9
439,8,8,51,31,31,0.0,0.2681647000426892,router_matched@0.9
441,8,7,35,20,20,0.0,0.23807079996913671,router_matched@0.9
443,8,8,57,23,23,0.0,0.23793279999517836,router_matched@0.9
445,8,8,97,69,69,0.0,0.27709820002201013,router_matched@0.9
447,8,8,45,33,33,0.0,0.24007189998519607,router_matched@0.9
449,8,8,81,45,45,0.0,0.2659475999971619,router_matched@0.9
451,8,8,50,13,13,0.0,0.30622730002505705,router_matched@0.9
453,8,8,73,46,46,0.0,0.31193089998851065,router_matched@0.9
455,8,8,37,16,16,0.0,0.2518863000004785,router_matched@0.9
457,8,8,53,23,23,0.0,0.274334000016097,router_matched@0.9
459,8,8,72,38,38,0.0,0.2729968000057852,router_matched@0.9
461,8,8,27,15,15,0.0,0.2667321999761043,router_matched@0.9
463,8,5,19,6,6,0.0,0.1784266999893589,router_matched@0.9
465,8,8,68,64,64,0.0,0.24761660002695862,router_matched@0.9
467,8,8,53,40,40,0.0,0.24165870000433642,router_matched@0.9
469,8,8,71,60,60,0.0,0.2672080000047572,router_matched@0.9
471,8,8,83,64,64,0.0,0.29092459999083076,router_matched@0.9
473,8,8,24,3,3,0.0,0.26098739996086806,router_matched@0.9
475,8,8,26,5,5,0.0,0.38560450002842117,router_matched@0.9
477,8,8,17,6,6,0.0,0.373482499999227,router_matched@0.9
479,8,6,7,3,3,0.0,0.2900309000106063,router_matched@0.9
481,8,8,19,6,6,0.0,0.38199180002266075,router_matched@0.9
483,8,8,84,68,68,0.0,0.3477382999844849,router_matched@0.9
485,8,8,61,35,35,0.0,0.38876130001153797,router_matched@0.9
487,8,7,41,16,16,0.0,0.36031449999427423,router_matched@0.9
489,8,4,27,23,23,0.0,0.23383849998936057,router_matched@0.9
491,8,8,96,71,71,0.0,0.3308324000245193,router_matched@0.9
493,8,8,83,61,61,0.0,0.3678046999848448,router_matched@0.9
495,8,8,75,51,51,0.0,0.4203566999931354,router_matched@0.9
497,8,8,71,50,50,0.0,0.2667492000182392,router_matched@0.9
499,8,7,79,65,65,0.0,0.24072110000997782,router_matched@0.9
501,8,8,63,36,36,0.0,0.19184170001244638,router_matched@0.9
503,8,7,60,41,41,0.0,0.2695952999929432,router_matched@0.9
505,8,8,77,54,54,0.0,0.2572754000138957,router_matched@0.9
507,8,8,77,60,60,0.0,0.29283639998175204,router_matched@0.9
509,8,8,80,61,61,0.0,0.28226180000638124,router_matched@0.9
511,8,8,30,15,15,0.0,0.27762999999686144,router_matched@0.9
513,8,8,29,6,6,0.0,0.26170649997948203,router_matched@0.9
515,8,8,12,0,0,0.0,0.26145240002369974,router_matched@0.9
517,8,8,31,25,25,0.0,0.2734782999759773,router_matched@0.9
519,8,4,10,2,2,0.0,0.1382095000008121,router_matched@0.9
521,8,7,57,35,35,0.0,0.21941059996606782,router_matched@0.9
523,8,6,55,28,28,0.0,0.20348559999547433,router_matched@0.9
525,8,8,38,17,17,0.0,0.24531400001433212,router_matched@0.9
527,8,8,56,25,25,0.0,0.276666399979149,router_matched@0.9
529,8,8,31,7,7,0.0,0.24647689999255817,router_matched@0.9
531,8,7,46,28,28,0.0,0.21527129999594763,router_matched@0.9
533,8,6,40,27,27,0.0,0.22372690001793671,router_matched@0.9
535,8,5,6,0,0,0.0,0.18057920000865124,router_matched@0.9
537,8,6,51,12,12,0.0,0.18457310000667349,router_matched@0.9
539,8,8,41,10,10,0.0,0.2721165999828372,router_matched@0.9
541,8,8,11,2,2,0.0,0.2579175000282703,router_matched@0.9
543,8,8,16,0,0,0.0,0.24604779998480808,router_matched@0.9
545,6,6,52,39,39,0.0,0.18883469996217173,router_matched@0.9
547,6,6,56,51,51,0.0,0.2100225999893155,router_matched@0.9
