method,ref,AP,dAP,dAP_lo,dAP_hi,APs,dAPs,dAPs_lo,dAPs_hi,ms_per_img,time_ratio,time_ratio_lo,time_ratio_hi,slices_per_img,mpx_per_img,oom_imgs,on_frontier
full@640,glance@0.9,37.70544781631083,-9.390787530379935,-9.987665679016786,-8.78520505785089,25.577649434607906,-13.745086667886037,-14.354464627563683,-13.090408423683977,18.161501459792277,0.13055429789597264,0.1279895035836669,0.13322072212325026,0.0,0.24576000000000006,0,True
full@960,glance@0.9,45.45462649915276,-1.6416088475380008,-2.125307370428434,-1.2152704725302614,35.38049529430089,-3.9422408081930485,-4.460549740590063,-3.3997542442576583,19.05471605842138,0.13697518798882236,0.13396495441488057,0.14023712184523787,0.0,0.52224,0,True
full@1280,glance@0.9,48.791433047762474,1.69519770107171,1.325679428836292,2.080758544736809,40.01575812799255,0.6930220254986075,0.19854131514598042,1.2080236359606,20.548575729888558,0.1477138265862578,0.14515880129374287,0.1511388812273595,0.0,0.9420799999999999,0,True
full@1600,glance@0.9,50.128175754719216,3.031940408028455,2.7226151496807804,3.320608756269223,42.17630508494125,2.8535689824473023,2.496958707455118,3.2261356026637182,28.417851459891647,0.20428226450725562,0.20080579519734598,0.20834018021642767,0.0,1.4848,0,True
full@1920,glance@0.9,50.383120001516644,3.2868846548258834,2.961656333211176,3.5203818254679917,42.88293842352336,3.560202321029421,3.1918894180860065,3.937151449833191,35.363455656952816,0.2542108720851124,0.24926982151444474,0.26027070128828467,0.0,2.08896,0,True
full@2560,glance@0.9,48.811449093892314,1.715213747201555,1.3462274464879727,2.0294760488200123,41.782157036209924,2.4594209337159834,2.0948499677573555,2.8631858572406768,64.10951624088638,0.460852474108994,0.4519302263771803,0.4711870628471302,0.0,3.6863999999999995,0,False
sahi@512,glance@0.9,47.08213968100286,-0.014095665687907655,-0.03959740056636747,0.02803517054092275,39.32891992592552,0.0061838234315714224,-0.03208399372286106,0.03688331699442335,138.10161222620852,0.9927460602533652,0.976079167520207,1.016741551499466,7.8010948905109485,3.4410884671532838,0,False
sahi@640,glance@0.9,45.67815394420937,-1.4180814024813915,-1.7640033493723695,-1.1609305778375936,36.77602357655773,-2.5467125259362122,-2.856697242466736,-2.180137499451767,102.8798572992689,0.7395538065550188,0.7226433578965127,0.7581899789349217,5.186131386861314,2.3428671532846717,0,False
sahi@768,glance@0.9,45.28646960465094,-1.8097657420398205,-2.147914032708854,-1.4781471936702038,35.60524809911522,-3.7174880033787217,-4.158236640157337,-3.317392886675703,58.89453339410718,0.4233644709497779,0.4140288500207578,0.43555596522101053,2.1386861313868613,1.076545401459854,0,False
sahi@1024,glance@0.9,41.8865725673289,-5.209662779361862,-5.643785294938871,-4.709892008466801,31.123732892732008,-8.199003209761935,-8.629063842663308,-7.684767911054591,52.969560036469716,0.380772687529711,0.36730873552428267,0.3995989837779407,1.917883211678832,0.8426697810218976,0,False
glance@0.9,glance@0.9,47.09623534669076,0.0,0.0,0.0,39.32273610249394,0.0,0.0,0.0,139.1107129561035,1.0,1.0,1.0,7.063868613138686,3.139120583941606,0,False
glance@0.99,glance@0.9,47.10130191997396,0.005066573283202258,-0.07758561431533764,0.030252642229913286,39.24499932166613,-0.07773678082781399,-0.11128083760709231,-0.013603006356962226,132.68954452543275,0.9538413088810999,0.9398737976332628,0.9697111306174172,6.490875912408759,2.904422773722628,0,False
full@640,sahi@512,37.70544781631083,-9.376691864692027,-9.982850245722242,-8.780885393382727,25.577649434607906,-13.751270491317607,-14.356012014760909,-13.084903364983413,18.161501459792277,0.13150825082363263,0.12922374182857022,0.13415268919271087,0.0,0.24576000000000006,0,True
full@960,sahi@512,45.45462649915276,-1.6275131818500932,-2.116248974563132,-1.1963743870894172,35.38049529430089,-3.9484246316246194,-4.475014510475242,-3.3972160395577924,19.05471605842138,0.1379760580000328,0.135213973019912,0.14055207008433182,0.0,0.52224,0,True
full@1280,sahi@512,48.791433047762474,1.7092933667596177,1.3266101895240718,2.1041256802356822,40.01575812799255,0.686838202067036,0.19114191200954986,1.2024882446748306,20.548575729888558,0.1487931632270178,0.14616869487147868,0.15192608206652836,0.0,0.9420799999999999,0,True
full@1600,sahi@512,50.128175754719216,3.0460360737163628,2.7333303227980106,3.344030165276817,42.17630508494125,2.8473851590157304,2.4863453640152158,3.228827827278082,28.417851459891647,0.20577494354912818,0.20262884483603139,0.20874254953049196,0.0,1.4848,0,True
full@1920,sahi@512,50.383120001516644,3.300980320513791,2.9662625860663185,3.5242815001950927,42.88293842352336,3.5540184975978493,3.1938451465893953,3.940278890635983,35.363455656952816,0.2560683766604257,0.2511944537575795,0.26091611503876827,0.0,2.08896,0,True
full@2560,sahi@512,48.811449093892314,1.7293094128894626,1.3583646019693676,2.0581965213756916,41.782157036209924,2.453237110284412,2.0752743295351053,2.8741911061218888,64.10951624088638,0.4642198972730014,0.4561948011253551,0.4721320266341328,0.0,3.6863999999999995,0,False
sahi@512,sahi@512,47.08213968100286,0.0,0.0,0.0,39.32891992592552,0.0,0.0,0.0,138.10161222620852,1.0,1.0,1.0,7.8010948905109485,3.4410884671532838,0,False
sahi@640,sahi@512,45.67815394420937,-1.4039857367934838,-1.7473278547176379,-1.166880698238237,36.77602357655773,-2.5528963493677836,-2.846187286834443,-2.183052189111625,102.8798572992689,0.7449576847137247,0.7327877998989156,0.7590276975619185,5.186131386861314,2.3428671532846717,0,False
sahi@768,sahi@512,45.28646960465094,-1.795670076351913,-2.148583766500541,-1.465904402548676,35.60524809911522,-3.723671826810293,-4.147874869478388,-3.3465557182232235,58.89453339410718,0.4264579713786307,0.42000578096560304,0.4320393167302389,2.1386861313868613,1.076545401459854,0,False
sahi@1024,sahi@512,41.8865725673289,-5.195567113673954,-5.630230397852496,-4.697694430357912,31.123732892732008,-8.205187033193507,-8.608544177668046,-7.697063395790376,52.969560036469716,0.3835549721874812,0.3727722727220434,0.39506234608924007,1.917883211678832,0.8426697810218976,0,False
glance@0.9,sahi@512,47.09623534669076,0.014095665687907655,-0.02803517054092275,0.03959740056636747,39.32273610249394,-0.0061838234315714224,-0.03688331699442333,0.03208399372286106,139.1107129561035,1.0073069438772524,0.9835341129968117,1.0245070779743557,7.063868613138686,3.139120583941606,0,False
glance@0.99,sahi@512,47.10130191997396,0.019162238971109913,-0.06289701545924621,0.04774275906240622,39.24499932166613,-0.08392060425938541,-0.11928054069145375,-0.0022468999381661716,132.68954452543275,0.9608109737928991,0.9321638672643245,0.9836582255896288,6.490875912408759,2.904422773722628,0,False
